Date, Time, Latitude, Longitude, Altitude, Speed, Course, Type, Distance, Essential,dateTime
2023/02/06, 08:42:59,-40.734303,-64.937851,14.39,324.0,246,-2,0.0, 1,2023-02-06 08:42:59
2023/02/06, 13:52:24,-40.734303,-64.937851,14.39,324.0,246,0,0.0, 1,2023-02-06 13:52:24
2023/02/06, 14:19:27,-40.734249,-64.937309,71.24,3168.0,53,0,46.06, 1,2023-02-06 14:19:27
2023/02/06, 18:50:13,-40.734249,-64.937309,71.24,3168.0,53,0,0.0, 1,2023-02-06 18:50:13
2023/02/06, 19:50:31,-40.734287,-64.937683,23.68,1908.0,30,-4,31.79, 1,2023-02-06 19:50:31
2023/02/09, 19:06:12,-40.734604,-64.93795,-4.22,0.0,28,-2,0.0, 1,2023-02-09 19:06:12
2023/02/09, 19:58:23,-40.73428,-64.93766,8.32,1692.0,4,0,43.53, 1,2023-02-09 19:58:23
2023/02/09, 20:43:18,-40.734825,-64.936989,27.7,3564.0,297,-4,82.88, 1,2023-02-09 20:43:18
2023/02/10, 01:04:45,-40.734406,-64.937737,9.31,4860.0,58,-2,0.0, 1,2023-02-10 01:04:45
2023/02/10, 06:03:29,-40.734406,-64.937737,9.31,828.0,262,0,0.0, ,2023-02-10 06:03:29
2023/02/10, 06:35:41,-40.734573,-64.937401,60.15,1980.0,107,0,33.86, 1,2023-02-10 06:35:41
2023/02/10, 07:19:51,-40.734573,-64.937401,60.15,1980.0,107,0,0.0, 1,2023-02-10 07:19:51
2023/02/10, 07:35:29,-40.734493,-64.93779,7.1,1548.0,281,0,33.96, 1,2023-02-10 07:35:29
2023/02/10, 07:56:05,-40.731709,-64.955635,-14.34,30888.0,285,0,1535.13, 1,2023-02-10 07:56:05
2023/02/10, 08:11:08,-40.627834,-65.008728,129.0,102816.0,5,0,12387.73, 1,2023-02-10 08:11:08
2023/02/10, 08:26:01,-40.584606,-65.001282,149.58,0.0,282,0,4847.66, 1,2023-02-10 08:26:01
2023/02/10, 08:40:54,-40.584782,-65.004333,129.97,1188.0,174,0,258.39, 1,2023-02-10 08:40:54
2023/02/10, 08:55:43,-40.584805,-65.004303,147.86,864.0,75,0,3.6, 1,2023-02-10 08:55:43
2023/02/10, 09:11:20,-40.58477,-65.004318,153.08,72.0,124,0,4.09, 1,2023-02-10 09:11:20
2023/02/10, 09:42:39,-40.584782,-65.004295,154.97,0.0,0,0,2.36, 1,2023-02-10 09:42:39
2023/02/10, 09:57:57,-40.584805,-65.00425,153.58,0.0,14,0,4.58, 1,2023-02-10 09:57:57
2023/02/10, 10:13:01,-40.584801,-65.004196,159.05,0.0,0,0,4.58, 1,2023-02-10 10:13:01
2023/02/10, 10:28:08,-40.584801,-65.004158,150.0,0.0,191,0,3.21, 1,2023-02-10 10:28:08
2023/02/10, 10:43:20,-40.584778,-65.00412,153.46,0.0,44,0,4.1, 1,2023-02-10 10:43:20
2023/02/10, 10:58:41,-40.584824,-65.004112,154.32,0.0,0,0,5.16, 1,2023-02-10 10:58:41
2023/02/10, 11:14:03,-40.584839,-65.004204,151.29,0.0,24,0,7.95, 1,2023-02-10 11:14:03
2023/02/10, 11:29:34,-40.584824,-65.004356,152.61,432.0,229,0,12.94, 1,2023-02-10 11:29:34
2023/02/10, 11:44:41,-40.584785,-65.004341,152.4,0.0,314,0,4.52, 1,2023-02-10 11:44:41
2023/02/10, 12:00:01,-40.58477,-65.004272,152.6,180.0,0,0,6.06, 1,2023-02-10 12:00:01
2023/02/10, 12:14:58,-40.584789,-65.004295,151.5,0.0,112,0,2.87, 1,2023-02-10 12:14:58
2023/02/10, 12:29:51,-40.584763,-65.004303,149.45,0.0,35,0,2.97, 1,2023-02-10 12:29:51
2023/02/10, 12:44:45,-40.584751,-65.004303,151.3,0.0,316,0,1.33, 1,2023-02-10 12:44:45
2023/02/10, 12:59:39,-40.584797,-65.004311,148.82,0.0,228,0,5.16, 1,2023-02-10 12:59:39
2023/02/10, 13:14:35,-40.584793,-65.004288,156.43,0.0,303,0,1.99, 1,2023-02-10 13:14:35
2023/02/10, 13:29:29,-40.584793,-65.004288,154.97,0.0,245,0,0.0, 1,2023-02-10 13:29:29
2023/02/10, 13:44:23,-40.584793,-65.004303,155.85,396.0,63,0,1.27, 1,2023-02-10 13:44:23
2023/02/10, 13:59:17,-40.584797,-65.00425,154.47,0.0,0,0,4.5, 1,2023-02-10 13:59:17
2023/02/10, 14:14:19,-40.584785,-65.004295,154.53,324.0,65,0,4.03, 1,2023-02-10 14:14:19
2023/02/10, 14:29:18,-40.584812,-65.004272,154.71,432.0,48,0,3.58, 1,2023-02-10 14:29:18
2023/02/10, 14:44:17,-40.584824,-65.004234,151.3,612.0,103,0,3.48, 1,2023-02-10 14:44:17
2023/02/10, 14:59:30,-40.584831,-65.004257,156.66,180.0,270,0,2.09, 1,2023-02-10 14:59:30
2023/02/10, 15:15:02,-40.584816,-65.00428,149.23,252.0,0,0,2.56, 1,2023-02-10 15:15:02
2023/02/10, 15:30:03,-40.584782,-65.004295,146.86,0.0,113,0,3.99, 1,2023-02-10 15:30:03
2023/02/10, 15:45:05,-40.584793,-65.004288,150.85,0.0,59,0,1.36, 1,2023-02-10 15:45:05
2023/02/10, 16:00:09,-40.584801,-65.004311,151.73,0.0,0,0,2.14, 1,2023-02-10 16:00:09
2023/02/10, 16:15:12,-40.584782,-65.004288,149.0,0.0,0,0,2.87, 1,2023-02-10 16:15:12
2023/02/10, 16:30:17,-40.584793,-65.004303,150.87,0.0,314,0,1.76, 1,2023-02-10 16:30:17
2023/02/10, 16:45:22,-40.584793,-65.004288,151.14,0.0,285,0,1.27, 1,2023-02-10 16:45:22
2023/02/10, 17:00:28,-40.584766,-65.00425,150.67,0.0,0,0,4.39, 1,2023-02-10 17:00:28
2023/02/10, 17:15:31,-40.584774,-65.004265,149.25,0.0,284,0,1.55, 1,2023-02-10 17:15:31
2023/02/10, 17:30:55,-40.584824,-65.004265,145.61,468.0,217,0,5.56, 1,2023-02-10 17:30:55
2023/02/10, 17:46:21,-40.584839,-65.004234,145.62,1332.0,231,0,3.1, 1,2023-02-10 17:46:21
2023/02/10, 18:01:57,-40.58477,-65.004288,142.24,252.0,133,0,8.93, 1,2023-02-10 18:01:57
2023/02/10, 18:20:46,-40.584793,-65.004303,147.49,0.0,0,0,2.85, 1,2023-02-10 18:20:46
2023/02/10, 18:35:47,-40.584789,-65.004295,147.94,0.0,136,0,0.81, 1,2023-02-10 18:35:47
2023/02/10, 18:50:46,-40.584812,-65.004311,145.63,0.0,36,0,2.89, 1,2023-02-10 18:50:46
2023/02/10, 19:05:48,-40.584801,-65.004295,153.47,0.0,0,0,1.82, 1,2023-02-10 19:05:48
2023/02/10, 19:20:45,-40.584805,-65.004303,150.26,0.0,184,0,0.81, 1,2023-02-10 19:20:45
2023/02/10, 19:35:41,-40.584778,-65.004295,150.2,0.0,19,0,3.08, 1,2023-02-10 19:35:41
2023/02/10, 19:50:50,-40.584801,-65.004295,148.02,216.0,30,0,2.56, 1,2023-02-10 19:50:50
2023/02/10, 20:05:54,-40.58482,-65.004288,145.6,864.0,0,0,2.19, 1,2023-02-10 20:05:54
2023/02/10, 20:21:03,-40.58498,-65.004326,128.83,216.0,159,0,18.08, 1,2023-02-10 20:21:03
2023/02/10, 20:36:27,-40.584774,-65.004295,148.1,252.0,297,0,23.06, 1,2023-02-10 20:36:27
2023/02/10, 20:53:10,-40.584774,-65.004295,150.25,0.0,0,-4,0.0, 1,2023-02-10 20:53:10
2023/02/11, 01:02:26,-40.58477,-65.00428,153.31,72.0,19,-2,0.0, 1,2023-02-11 01:02:26
2023/02/11, 01:17:37,-40.584782,-65.004318,158.69,0.0,0,0,3.48, 1,2023-02-11 01:17:37
2023/02/11, 01:32:48,-40.584785,-65.004311,148.69,0.0,22,0,0.68, 1,2023-02-11 01:32:48
2023/02/11, 01:47:58,-40.584759,-65.004288,154.78,0.0,44,-4,3.48, 1,2023-02-11 01:47:58
2023/02/11, 06:01:56,-40.584759,-65.00428,151.31,396.0,144,-2,0.0, 1,2023-02-11 06:01:56
2023/02/11, 06:16:55,-40.584751,-65.004288,148.29,0.0,0,0,1.12, 1,2023-02-11 06:16:55
2023/02/11, 06:31:53,-40.584751,-65.004318,147.02,0.0,230,0,2.53, 1,2023-02-11 06:31:53
2023/02/11, 06:46:50,-40.584732,-65.004295,149.17,144.0,102,0,2.87, 1,2023-02-11 06:46:50
2023/02/11, 07:01:52,-40.584751,-65.00428,145.22,0.0,0,0,2.46, 1,2023-02-11 07:01:52
2023/02/11, 07:17:11,-40.58474,-65.004295,150.86,0.0,38,0,1.76, 1,2023-02-11 07:17:11
2023/02/11, 07:32:31,-40.584778,-65.004303,146.82,0.0,87,0,4.28, 1,2023-02-11 07:32:31
2023/02/11, 07:47:53,-40.584763,-65.004311,150.76,0.0,10,0,1.8, 1,2023-02-11 07:47:53
2023/02/11, 08:03:15,-40.58477,-65.004295,153.2,0.0,0,0,1.56, 1,2023-02-11 08:03:15
2023/02/11, 08:18:20,-40.584789,-65.004311,148.98,0.0,32,0,2.51, 1,2023-02-11 08:18:20
2023/02/11, 08:33:27,-40.584778,-65.004318,151.48,0.0,40,0,1.36, 1,2023-02-11 08:33:27
2023/02/11, 08:48:37,-40.584797,-65.004349,148.11,0.0,23,0,3.36, 1,2023-02-11 08:48:37
2023/02/11, 09:04:26,-40.58477,-65.004303,154.39,72.0,144,0,4.91, 1,2023-02-11 09:04:26
2023/02/11, 09:19:41,-40.584759,-65.004311,152.07,0.0,84,0,1.4, 1,2023-02-11 09:19:41
2023/02/11, 09:34:56,-40.584755,-65.004295,150.49,0.0,269,0,1.42, 1,2023-02-11 09:34:56
2023/02/11, 09:50:13,-40.584774,-65.004311,147.34,0.0,265,0,2.51, 1,2023-02-11 09:50:13
2023/02/11, 10:05:25,-40.584743,-65.00428,150.67,0.0,0,0,4.33, 1,2023-02-11 10:05:25
2023/02/11, 10:20:11,-40.584789,-65.004288,155.21,0.0,200,0,5.16, 1,2023-02-11 10:20:11
2023/02/11, 10:34:59,-40.584763,-65.004303,157.61,0.0,213,0,3.16, 1,2023-02-11 10:34:59
2023/02/11, 10:49:48,-40.584801,-65.004303,149.47,0.0,218,0,4.23, 1,2023-02-11 10:49:48
2023/02/11, 11:04:42,-40.584835,-65.004333,153.62,0.0,0,0,4.55, 1,2023-02-11 11:04:42
2023/02/11, 11:19:36,-40.584824,-65.004265,154.43,0.0,0,0,5.87, 1,2023-02-11 11:19:36
2023/02/11, 11:34:47,-40.584831,-65.004173,154.29,0.0,219,0,7.81, 1,2023-02-11 11:34:47
2023/02/11, 11:50:31,-40.58485,-65.00412,153.58,540.0,184,0,4.95, 1,2023-02-11 11:50:31
2023/02/11, 12:05:59,-40.584908,-65.004074,160.55,0.0,0,0,7.53, 1,2023-02-11 12:05:59
2023/02/11, 12:20:45,-40.584896,-65.004059,154.39,144.0,189,0,1.84, 1,2023-02-11 12:20:45
2023/02/11, 12:35:26,-40.584896,-65.004051,150.8,0.0,143,0,0.68, 1,2023-02-11 12:35:26
2023/02/11, 12:50:04,-40.584873,-65.004036,154.57,0.0,39,0,2.85, 1,2023-02-11 12:50:04
2023/02/11, 13:04:58,-40.584877,-65.004059,151.49,0.0,88,0,1.99, 1,2023-02-11 13:04:58
2023/02/11, 13:20:01,-40.58485,-65.004059,153.98,0.0,0,0,3.0, 1,2023-02-11 13:20:01
2023/02/11, 13:35:15,-40.584843,-65.004021,152.37,108.0,221,0,3.3, 1,2023-02-11 13:35:15
2023/02/11, 13:50:38,-40.584812,-65.004272,153.66,612.0,351,0,21.47, 1,2023-02-11 13:50:38
2023/02/11, 14:06:00,-40.584808,-65.004349,150.67,0.0,48,0,6.52, 1,2023-02-11 14:06:00
2023/02/11, 14:20:50,-40.584816,-65.004341,147.95,144.0,89,0,1.12, 1,2023-02-11 14:20:50
2023/02/11, 14:35:36,-40.584805,-65.004356,147.73,1584.0,243,0,1.76, 1,2023-02-11 14:35:36
2023/02/11, 14:50:35,-40.584785,-65.004303,149.13,900.0,104,0,5.0, 1,2023-02-11 14:50:35
2023/02/11, 15:06:02,-40.584824,-65.004303,153.87,432.0,46,0,4.34, 1,2023-02-11 15:06:02
2023/02/11, 15:21:07,-40.584782,-65.004318,153.81,0.0,123,0,4.84, 1,2023-02-11 15:21:07
2023/02/11, 15:36:11,-40.584782,-65.004295,153.24,0.0,0,0,1.94, 1,2023-02-11 15:36:11
2023/02/11, 15:51:15,-40.584766,-65.004311,153.0,0.0,279,0,2.23, 1,2023-02-11 15:51:15
2023/02/11, 16:06:22,-40.584766,-65.004311,151.63,0.0,0,0,0.0, 1,2023-02-11 16:06:22
2023/02/11, 16:21:27,-40.584793,-65.004311,151.12,0.0,0,0,3.0, 1,2023-02-11 16:21:27
2023/02/11, 16:36:32,-40.584782,-65.004295,151.62,0.0,0,0,1.82, 1,2023-02-11 16:36:32
2023/02/11, 16:51:36,-40.584785,-65.004311,156.23,0.0,74,0,1.39, 1,2023-02-11 16:51:36
2023/02/11, 17:06:44,-40.584793,-65.004311,153.91,0.0,0,0,0.89, 1,2023-02-11 17:06:44
2023/02/11, 17:21:49,-40.58482,-65.004295,150.28,0.0,134,0,3.29, 1,2023-02-11 17:21:49
2023/02/11, 17:36:56,-40.584763,-65.004318,159.69,0.0,1,0,6.63, 1,2023-02-11 17:36:56
2023/02/11, 17:52:01,-40.584778,-65.004303,154.3,0.0,233,0,2.09, 1,2023-02-11 17:52:01
2023/02/11, 18:07:32,-40.584782,-65.004295,157.07,324.0,187,0,0.81, 1,2023-02-11 18:07:32
2023/02/11, 18:22:35,-40.584785,-65.004303,153.21,0.0,86,0,0.75, 1,2023-02-11 18:22:35
2023/02/11, 18:37:36,-40.584789,-65.004295,148.61,0.0,165,0,0.81, 1,2023-02-11 18:37:36
2023/02/11, 18:52:36,-40.584793,-65.004295,150.97,0.0,75,0,0.44, 1,2023-02-11 18:52:36
2023/02/11, 19:07:39,-40.584782,-65.004333,149.06,0.0,37,0,3.43, 1,2023-02-11 19:07:39
2023/02/11, 19:22:34,-40.584805,-65.004303,151.45,0.0,242,0,3.6, 1,2023-02-11 19:22:34
2023/02/11, 19:37:28,-40.584793,-65.004288,151.24,0.0,201,0,1.84, 1,2023-02-11 19:37:28
2023/02/11, 19:52:21,-40.584789,-65.004288,153.27,0.0,206,0,0.44, 1,2023-02-11 19:52:21
2023/02/11, 20:07:24,-40.5849,-65.004326,146.56,0.0,0,0,12.75, 1,2023-02-11 20:07:24
2023/02/11, 20:22:26,-40.584812,-65.004265,148.43,1224.0,236,0,11.06, 1,2023-02-11 20:22:26
2023/02/11, 20:37:28,-40.584774,-65.004265,151.4,0.0,359,0,4.23, 1,2023-02-11 20:37:28
2023/02/11, 20:52:32,-40.584812,-65.00428,148.66,612.0,72,-4,4.41, 1,2023-02-11 20:52:32
2023/02/12, 01:02:32,-40.58477,-65.004303,153.39,0.0,295,-2,0.0, 1,2023-02-12 01:02:32
2023/02/12, 01:17:41,-40.584774,-65.004318,150.37,0.0,92,0,1.34, 1,2023-02-12 01:17:41
2023/02/12, 01:32:49,-40.584789,-65.004326,147.5,0.0,0,0,1.8, 1,2023-02-12 01:32:49
2023/02/12, 01:47:57,-40.584782,-65.004303,150.45,0.0,0,-4,2.09, 1,2023-02-12 01:47:57
2023/02/12, 06:01:57,-40.584763,-65.004295,149.73,360.0,173,-2,0.0, 1,2023-02-12 06:01:57
2023/02/12, 06:17:05,-40.584755,-65.004311,145.27,0.0,252,0,1.62, 1,2023-02-12 06:17:05
2023/02/12, 06:32:12,-40.584759,-65.004311,151.67,0.0,0,0,0.44, 1,2023-02-12 06:32:12
2023/02/12, 06:47:19,-40.584755,-65.004311,149.4,0.0,168,0,0.44, 1,2023-02-12 06:47:19
2023/02/12, 07:02:30,-40.584766,-65.004318,159.31,0.0,0,0,1.36, 1,2023-02-12 07:02:30
2023/02/12, 07:17:27,-40.584755,-65.004288,152.12,0.0,0,0,2.81, 1,2023-02-12 07:17:27
2023/02/12, 07:32:24,-40.584774,-65.004303,157.92,0.0,78,0,2.46, 1,2023-02-12 07:32:24
2023/02/12, 07:47:21,-40.584751,-65.004295,157.07,0.0,39,0,2.65, 1,2023-02-12 07:47:21
2023/02/12, 08:02:24,-40.584732,-65.004265,158.15,0.0,0,0,3.3, 1,2023-02-12 08:02:24
2023/02/12, 08:17:23,-40.584736,-65.00425,159.5,0.0,62,0,1.34, 1,2023-02-12 08:17:23
2023/02/12, 08:32:24,-40.584743,-65.004318,155.58,180.0,280,0,5.79, 1,2023-02-12 08:32:24
2023/02/12, 08:47:46,-40.584785,-65.00428,158.59,1188.0,118,0,5.67, 1,2023-02-12 08:47:46
2023/02/12, 09:03:26,-40.584766,-65.004303,157.71,180.0,49,0,2.87, 1,2023-02-12 09:03:26
2023/02/12, 09:19:29,-40.58477,-65.00428,157.05,0.0,0,0,1.99, 1,2023-02-12 09:19:29
2023/02/12, 09:34:35,-40.584766,-65.004311,156.01,0.0,203,0,2.66, 1,2023-02-12 09:34:35
2023/02/12, 09:49:41,-40.584751,-65.004295,163.82,0.0,0,0,2.15, 1,2023-02-12 09:49:41
2023/02/12, 10:04:45,-40.584759,-65.004303,156.91,0.0,0,0,1.12, 1,2023-02-12 10:04:45
2023/02/12, 10:19:31,-40.584766,-65.004311,150.34,0.0,0,0,1.03, 1,2023-02-12 10:19:31
2023/02/12, 10:34:19,-40.584759,-65.004318,156.4,0.0,233,0,0.98, 1,2023-02-12 10:34:19
2023/02/12, 10:49:08,-40.584789,-65.004318,152.66,0.0,175,0,3.34, 1,2023-02-12 10:49:08
2023/02/12, 11:04:03,-40.584766,-65.004295,155.36,0.0,0,0,3.21, 1,2023-02-12 11:04:03
2023/02/12, 11:18:57,-40.584793,-65.004341,153.01,0.0,227,0,4.91, 1,2023-02-12 11:18:57
2023/02/12, 11:33:52,-40.584866,-65.00444,150.33,0.0,72,0,11.65, 1,2023-02-12 11:33:52
2023/02/12, 11:49:18,-40.584785,-65.004326,152.32,432.0,0,0,13.18, 1,2023-02-12 11:49:18
2023/02/12, 12:04:20,-40.584785,-65.004311,149.49,0.0,0,0,1.27, 1,2023-02-12 12:04:20
2023/02/12, 12:19:15,-40.584812,-65.004303,152.11,288.0,271,0,3.08, 1,2023-02-12 12:19:15
2023/02/12, 12:34:14,-40.584801,-65.004303,162.02,0.0,0,0,1.22, 1,2023-02-12 12:34:14
2023/02/12, 12:49:14,-40.58477,-65.004311,158.96,0.0,97,0,3.51, 1,2023-02-12 12:49:14
2023/02/12, 13:04:20,-40.584805,-65.004303,150.25,0.0,0,0,3.95, 1,2023-02-12 13:04:20
2023/02/12, 13:19:22,-40.584805,-65.004341,152.88,0.0,300,0,3.21, 1,2023-02-12 13:19:22
2023/02/12, 13:34:27,-40.58477,-65.004295,163.48,0.0,232,0,5.5, 1,2023-02-12 13:34:27
2023/02/12, 13:49:33,-40.584801,-65.004295,155.1,0.0,237,0,3.45, 1,2023-02-12 13:49:33
2023/02/12, 14:04:43,-40.584789,-65.004318,154.19,324.0,287,0,2.36, 1,2023-02-12 14:04:43
2023/02/12, 14:19:43,-40.584808,-65.004326,151.65,288.0,320,0,2.22, 1,2023-02-12 14:19:43
2023/02/12, 14:34:41,-40.584801,-65.004295,154.21,396.0,250,0,2.73, 1,2023-02-12 14:34:41
2023/02/12, 14:49:57,-40.584827,-65.004219,156.07,432.0,245,0,7.04, 1,2023-02-12 14:49:57
2023/02/12, 15:05:33,-40.584805,-65.004311,152.07,252.0,142,0,8.15, 1,2023-02-12 15:05:33
2023/02/12, 15:21:31,-40.584785,-65.004318,154.0,0.0,0,0,2.3, 1,2023-02-12 15:21:31
2023/02/12, 15:36:30,-40.584785,-65.004295,150.17,0.0,312,0,1.94, 1,2023-02-12 15:36:30
2023/02/12, 15:51:27,-40.584766,-65.004295,157.04,288.0,78,0,2.11, 1,2023-02-12 15:51:27
2023/02/12, 16:06:32,-40.584782,-65.004318,153.72,0.0,0,0,2.63, 1,2023-02-12 16:06:32
2023/02/12, 16:21:31,-40.584805,-65.004311,155.82,0.0,102,0,2.62, 1,2023-02-12 16:21:31
2023/02/12, 16:36:29,-40.584763,-65.004295,150.23,0.0,187,0,4.86, 1,2023-02-12 16:36:29
2023/02/12, 16:51:28,-40.584785,-65.004288,154.15,0.0,151,0,2.52, 1,2023-02-12 16:51:28
2023/02/12, 17:06:32,-40.584812,-65.004272,153.32,0.0,0,0,3.29, 1,2023-02-12 17:06:32
2023/02/12, 17:21:32,-40.584805,-65.004288,156.3,0.0,167,0,1.56, 1,2023-02-12 17:21:32
2023/02/12, 17:36:30,-40.584835,-65.004295,149.6,0.0,174,0,3.39, 1,2023-02-12 17:36:30
2023/02/12, 17:51:57,-40.584789,-65.004318,148.82,540.0,144,0,5.47, 1,2023-02-12 17:51:57
2023/02/12, 18:06:59,-40.584774,-65.004311,152.72,0.0,0,0,1.77, 1,2023-02-12 18:06:59
2023/02/12, 18:21:54,-40.58477,-65.004318,145.22,0.0,253,0,0.74, 1,2023-02-12 18:21:54
2023/02/12, 18:36:48,-40.584782,-65.004311,147.63,0.0,30,0,1.46, 1,2023-02-12 18:36:48
2023/02/12, 18:51:41,-40.58477,-65.004311,148.61,0.0,18,0,1.33, 1,2023-02-12 18:51:41
2023/02/12, 19:06:43,-40.584774,-65.004326,151.26,0.0,0,0,1.34, 1,2023-02-12 19:06:43
2023/02/12, 19:21:45,-40.584801,-65.004311,151.19,0.0,13,0,3.26, 1,2023-02-12 19:21:45
2023/02/12, 19:36:46,-40.584774,-65.004288,150.8,0.0,270,0,3.58, 1,2023-02-12 19:36:46
2023/02/12, 19:51:44,-40.584785,-65.004303,152.47,0.0,141,0,1.76, 1,2023-02-12 19:51:44
2023/02/12, 20:06:43,-40.58482,-65.004341,150.74,180.0,36,0,5.04, 1,2023-02-12 20:06:43
2023/02/12, 20:21:31,-40.584808,-65.00428,146.87,0.0,159,0,5.32, 1,2023-02-12 20:21:31
2023/02/12, 20:36:35,-40.584896,-65.004295,134.02,540.0,0,0,9.87, 1,2023-02-12 20:36:35
2023/02/12, 20:51:51,-40.584782,-65.004288,150.9,108.0,206,-4,12.69, 1,2023-02-12 20:51:51
2023/02/13, 01:00:33,-40.584774,-65.004311,152.4,144.0,257,-2,0.0, 1,2023-02-13 01:00:33
2023/02/13, 01:15:51,-40.584778,-65.004311,149.22,0.0,0,0,0.44, 1,2023-02-13 01:15:51
2023/02/13, 01:31:08,-40.584789,-65.004311,146.54,0.0,0,0,1.22, 1,2023-02-13 01:31:08
2023/02/13, 01:46:25,-40.584782,-65.004311,152.46,0.0,80,-4,0.78, 1,2023-02-13 01:46:25
2023/02/13, 06:02:02,-40.584755,-65.004288,150.75,36.0,253,-2,0.0, 1,2023-02-13 06:02:02
2023/02/13, 06:17:13,-40.584774,-65.00428,147.2,612.0,340,0,2.22, 1,2023-02-13 06:17:13
2023/02/13, 06:32:24,-40.584778,-65.004311,147.61,0.0,0,0,2.66, 1,2023-02-13 06:32:24
2023/02/13, 06:47:35,-40.584759,-65.004295,152.43,0.0,115,0,2.51, 1,2023-02-13 06:47:35
2023/02/13, 07:02:48,-40.584766,-65.004311,153.53,0.0,0,0,1.56, 1,2023-02-13 07:02:48
2023/02/13, 07:17:58,-40.584755,-65.004318,151.13,0.0,41,0,1.36, 1,2023-02-13 07:17:58
2023/02/13, 07:33:08,-40.58477,-65.004303,152.06,0.0,0,0,2.09, 1,2023-02-13 07:33:08
2023/02/13, 07:48:18,-40.584747,-65.004288,154.73,0.0,31,0,2.85, 1,2023-02-13 07:48:18
2023/02/13, 08:03:33,-40.584728,-65.004295,153.01,0.0,0,0,2.19, 1,2023-02-13 08:03:33
2023/02/13, 08:18:44,-40.584747,-65.004318,152.17,0.0,17,0,2.87, 1,2023-02-13 08:18:44
2023/02/13, 08:33:55,-40.58469,-65.004288,146.16,720.0,12,0,6.83, 1,2023-02-13 08:33:55
2023/02/13, 08:49:13,-40.584778,-65.004303,152.52,1008.0,227,0,9.87, 1,2023-02-13 08:49:13
2023/02/13, 09:05:02,-40.584755,-65.004311,159.38,180.0,254,0,2.65, 1,2023-02-13 09:05:02
2023/02/13, 09:20:20,-40.584766,-65.004326,156.8,0.0,357,0,1.76, 1,2023-02-13 09:20:20
2023/02/13, 09:35:38,-40.584763,-65.004288,159.49,0.0,248,0,3.23, 1,2023-02-13 09:35:38
2023/02/13, 09:50:58,-40.584766,-65.004318,154.44,0.0,0,0,2.56, 1,2023-02-13 09:50:58
2023/02/13, 10:06:21,-40.584766,-65.004311,154.35,0.0,0,0,0.59, 1,2023-02-13 10:06:21
2023/02/13, 10:21:44,-40.584751,-65.004303,159.72,0.0,107,0,1.8, 1,2023-02-13 10:21:44
2023/02/13, 10:37:09,-40.584778,-65.004341,151.02,0.0,203,0,4.39, 1,2023-02-13 10:37:09
2023/02/13, 10:52:40,-40.584763,-65.004303,151.18,0.0,34,0,3.62, 1,2023-02-13 10:52:40
2023/02/13, 11:08:00,-40.584774,-65.004295,153.52,0.0,0,0,1.4, 1,2023-02-13 11:08:00
2023/02/13, 11:23:06,-40.584831,-65.004395,149.56,0.0,264,0,10.56, 1,2023-02-13 11:23:06
2023/02/13, 11:38:33,-40.584778,-65.004303,154.47,0.0,239,0,9.75, 1,2023-02-13 11:38:33
2023/02/13, 11:53:40,-40.584778,-65.004311,159.13,0.0,217,0,0.68, 1,2023-02-13 11:53:40
2023/02/13, 12:08:45,-40.584805,-65.004242,154.9,0.0,0,0,6.55, 1,2023-02-13 12:08:45
2023/02/13, 12:23:51,-40.584778,-65.004105,154.99,0.0,143,0,11.95, 1,2023-02-13 12:23:51
2023/02/13, 12:39:05,-40.584839,-65.004013,156.94,0.0,80,0,10.31, 1,2023-02-13 12:39:05
2023/02/13, 12:54:27,-40.584854,-65.003868,156.03,0.0,270,0,12.36, 1,2023-02-13 12:54:27
2023/02/13, 13:09:46,-40.584831,-65.003578,156.33,0.0,52,0,24.62, 1,2023-02-13 13:09:46
2023/02/13, 13:25:00,-40.584766,-65.00351,155.18,0.0,203,0,9.23, 1,2023-02-13 13:25:00
2023/02/13, 13:40:06,-40.584751,-65.003517,154.11,0.0,44,0,1.77, 1,2023-02-13 13:40:06
2023/02/13, 13:55:07,-40.584759,-65.00341,155.94,36.0,353,0,9.08, 1,2023-02-13 13:55:07
2023/02/13, 14:10:21,-40.584713,-65.00309,154.63,216.0,117,0,27.5, 1,2023-02-13 14:10:21
2023/02/13, 14:25:49,-40.584747,-65.00309,157.23,504.0,70,0,3.78, 1,2023-02-13 14:25:49
2023/02/13, 14:41:26,-40.584728,-65.003098,159.06,216.0,246,0,2.22, 1,2023-02-13 14:41:26
2023/02/13, 14:57:06,-40.584709,-65.00309,155.5,0.0,170,0,2.22, 1,2023-02-13 14:57:06
2023/02/13, 15:17:23,-40.58477,-65.003098,155.47,684.0,165,0,6.82, 1,2023-02-13 15:17:23
2023/02/13, 15:40:10,-40.584641,-65.00312,152.16,576.0,349,0,14.46, 1,2023-02-13 15:40:10
2023/02/13, 16:03:00,-40.584656,-65.003082,152.62,1296.0,22,0,3.62, 1,2023-02-13 16:03:00
2023/02/13, 16:26:26,-40.584736,-65.003082,154.25,144.0,212,0,8.9, 1,2023-02-13 16:26:26
2023/02/13, 16:41:25,-40.584759,-65.003098,153.21,216.0,167,0,2.89, 1,2023-02-13 16:41:25
2023/02/13, 16:56:22,-40.584732,-65.003098,153.82,0.0,216,0,3.0, 1,2023-02-13 16:56:22
2023/02/13, 17:11:23,-40.584751,-65.00312,150.44,0.0,54,0,2.81, 1,2023-02-13 17:11:23
2023/02/13, 17:26:22,-40.584698,-65.00309,161.83,0.0,31,0,6.41, 1,2023-02-13 17:26:22
2023/02/13, 17:41:21,-40.58466,-65.003098,156.04,0.0,346,0,4.28, 1,2023-02-13 17:41:21
2023/02/13, 17:56:27,-40.584652,-65.00312,155.29,360.0,340,0,2.06, 1,2023-02-13 17:56:27
2023/02/13, 18:11:46,-40.584705,-65.003136,154.44,432.0,87,0,6.05, 1,2023-02-13 18:11:46
2023/02/13, 18:27:01,-40.584724,-65.003098,147.88,324.0,304,0,3.84, 1,2023-02-13 18:27:01
2023/02/13, 18:42:53,-40.584717,-65.003067,150.53,900.0,45,0,2.73, 1,2023-02-13 18:42:53
2023/02/13, 18:57:47,-40.584625,-65.003059,162.01,0.0,183,0,10.25, 1,2023-02-13 18:57:47
2023/02/13, 19:12:46,-40.584728,-65.003128,149.73,0.0,64,0,12.85, 1,2023-02-13 19:12:46
2023/02/13, 19:27:39,-40.584785,-65.003136,158.19,0.0,47,0,6.37, 1,2023-02-13 19:27:39
2023/02/13, 19:42:31,-40.584667,-65.003029,155.6,0.0,35,0,15.93, 1,2023-02-13 19:42:31
2023/02/13, 19:57:22,-40.584728,-65.003082,154.36,0.0,328,0,8.13, 1,2023-02-13 19:57:22
2023/02/13, 20:12:18,-40.584705,-65.003082,152.02,0.0,273,0,2.56, 1,2023-02-13 20:12:18
2023/02/13, 20:27:33,-40.584763,-65.00312,140.24,36.0,133,0,7.2, 1,2023-02-13 20:27:33
2023/02/13, 20:42:24,-40.584736,-65.003136,137.16,0.0,171,0,3.29, 1,2023-02-13 20:42:24
2023/02/13, 20:57:12,-40.584721,-65.00312,145.84,0.0,306,-4,2.15, 1,2023-02-13 20:57:12
2023/02/14, 01:00:33,-40.584705,-65.00312,144.1,144.0,274,-2,0.0, 1,2023-02-14 01:00:33
2023/02/14, 01:15:30,-40.584698,-65.003136,148.67,0.0,87,0,1.56, 1,2023-02-14 01:15:30
2023/02/14, 01:30:31,-40.584736,-65.00309,150.63,540.0,251,0,5.74, 1,2023-02-14 01:30:31
2023/02/14, 01:45:50,-40.584759,-65.003189,150.45,936.0,62,-4,8.74, 1,2023-02-14 01:45:50
2023/02/14, 06:00:32,-40.584675,-65.003128,146.61,144.0,276,-2,0.0, 1,2023-02-14 06:00:32
2023/02/14, 06:15:41,-40.584656,-65.003128,146.25,0.0,7,0,2.11, 1,2023-02-14 06:15:41
2023/02/14, 06:30:50,-40.584671,-65.003098,146.07,0.0,126,0,3.03, 1,2023-02-14 06:30:50
2023/02/14, 06:45:57,-40.584694,-65.003113,153.25,0.0,234,0,2.85, 1,2023-02-14 06:45:57
2023/02/14, 07:01:06,-40.584675,-65.003067,150.57,0.0,0,0,4.42, 1,2023-02-14 07:01:06
2023/02/14, 07:16:14,-40.584621,-65.003067,148.8,0.0,83,0,6.0, 1,2023-02-14 07:16:14
2023/02/14, 07:31:21,-40.584679,-65.003098,154.9,0.0,28,0,6.96, 1,2023-02-14 07:31:21
2023/02/14, 07:46:30,-40.584644,-65.003036,158.17,432.0,255,0,6.52, 1,2023-02-14 07:46:30
2023/02/14, 08:01:41,-40.584679,-65.003113,151.2,108.0,53,0,7.58, 1,2023-02-14 08:01:41
2023/02/14, 08:16:52,-40.584679,-65.003151,148.8,0.0,172,0,3.21, 1,2023-02-14 08:16:52
2023/02/14, 08:32:30,-40.584698,-65.003128,151.65,72.0,36,0,2.87, 1,2023-02-14 08:32:30
2023/02/14, 08:47:44,-40.584698,-65.003082,157.91,0.0,74,0,3.88, 1,2023-02-14 08:47:44
2023/02/14, 09:03:04,-40.584713,-65.003174,143.95,0.0,0,0,7.95, 1,2023-02-14 09:03:04
2023/02/14, 09:18:19,-40.584721,-65.003128,154.72,0.0,116,0,3.99, 1,2023-02-14 09:18:19
2023/02/14, 09:33:35,-40.584675,-65.003105,158.12,0.0,79,0,5.47, 1,2023-02-14 09:33:35
2023/02/14, 09:48:51,-40.584705,-65.003151,155.45,0.0,234,0,5.12, 1,2023-02-14 09:48:51
2023/02/14, 10:04:14,-40.584789,-65.003311,157.69,0.0,53,0,16.43, 1,2023-02-14 10:04:14
2023/02/14, 10:19:33,-40.584724,-65.003166,154.38,0.0,137,0,14.22, 1,2023-02-14 10:19:33
2023/02/14, 10:34:52,-40.584728,-65.003151,153.02,0.0,19,0,1.34, 1,2023-02-14 10:34:52
2023/02/14, 10:50:14,-40.584724,-65.003181,149.74,0.0,24,0,2.57, 1,2023-02-14 10:50:14
2023/02/14, 11:06:02,-40.584705,-65.00312,157.21,648.0,324,0,5.57, 1,2023-02-14 11:06:02
2023/02/14, 11:21:26,-40.584682,-65.003128,156.96,0.0,12,0,2.65, 1,2023-02-14 11:21:26
2023/02/14, 11:36:51,-40.584721,-65.003143,151.57,0.0,194,0,4.52, 1,2023-02-14 11:36:51
2023/02/14, 11:52:20,-40.58469,-65.00312,158.7,0.0,2,0,3.96, 1,2023-02-14 11:52:20
2023/02/14, 12:07:41,-40.584686,-65.003059,164.35,0.0,0,0,5.17, 1,2023-02-14 12:07:41
2023/02/14, 12:22:54,-40.584732,-65.003052,169.67,972.0,129,0,5.15, 1,2023-02-14 12:22:54
2023/02/14, 12:38:18,-40.584721,-65.003098,159.11,252.0,71,0,4.07, 1,2023-02-14 12:38:18
2023/02/14, 12:53:54,-40.584728,-65.003105,156.92,360.0,184,0,0.98, 1,2023-02-14 12:53:54
2023/02/14, 13:11:01,-40.584732,-65.003059,170.76,0.0,90,0,3.91, 1,2023-02-14 13:11:01
2023/02/14, 13:26:10,-40.584702,-65.003105,157.9,0.0,68,0,5.12, 1,2023-02-14 13:26:10
2023/02/14, 13:41:21,-40.584751,-65.003143,154.88,0.0,6,0,6.32, 1,2023-02-14 13:41:21
2023/02/14, 13:57:03,-40.584763,-65.003128,156.46,360.0,357,0,1.84, 1,2023-02-14 13:57:03
2023/02/14, 14:12:03,-40.584759,-65.003113,166.59,0.0,257,0,1.34, 1,2023-02-14 14:12:03
2023/02/14, 14:26:53,-40.58469,-65.003082,152.73,0.0,37,0,8.11, 1,2023-02-14 14:26:53
2023/02/14, 14:41:54,-40.584736,-65.00309,160.18,0.0,185,0,5.16, 1,2023-02-14 14:41:54
2023/02/14, 14:56:55,-40.584705,-65.00309,153.39,648.0,116,0,3.45, 1,2023-02-14 14:56:55
2023/02/14, 15:12:01,-40.584728,-65.00309,149.4,0.0,102,0,2.56, 1,2023-02-14 15:12:01
2023/02/14, 15:27:03,-40.584713,-65.003166,140.48,0.0,269,0,6.63, 1,2023-02-14 15:27:03
2023/02/14, 15:41:58,-40.584724,-65.003166,154.33,0.0,263,0,1.22, 1,2023-02-14 15:41:58
2023/02/14, 15:56:46,-40.584743,-65.003181,146.01,0.0,105,0,2.46, 1,2023-02-14 15:56:46
2023/02/14, 16:12:03,-40.584728,-65.003044,163.31,0.0,253,0,11.69, 1,2023-02-14 16:12:03
2023/02/14, 16:27:23,-40.584751,-65.00312,156.67,0.0,47,0,6.91, 1,2023-02-14 16:27:23
2023/02/14, 16:42:46,-40.584789,-65.003159,154.55,0.0,263,0,5.36, 1,2023-02-14 16:42:46
2023/02/14, 16:58:15,-40.584766,-65.003059,155.33,1512.0,332,0,8.82, 1,2023-02-14 16:58:15
2023/02/14, 17:13:33,-40.584736,-65.00309,157.93,396.0,98,0,4.24, 1,2023-02-14 17:13:33
2023/02/14, 17:28:21,-40.584785,-65.003098,148.13,0.0,346,0,5.49, 1,2023-02-14 17:28:21
2023/02/14, 17:43:07,-40.584698,-65.00312,142.92,0.0,0,0,9.85, 1,2023-02-14 17:43:07
2023/02/14, 17:57:50,-40.584728,-65.003105,153.09,0.0,205,0,3.57, 1,2023-02-14 17:57:50
2023/02/14, 18:12:59,-40.584747,-65.003113,148.67,0.0,75,0,2.22, 1,2023-02-14 18:12:59
2023/02/14, 18:28:04,-40.584724,-65.003082,150.89,0.0,216,0,3.66, 1,2023-02-14 18:28:04
2023/02/14, 18:43:11,-40.584751,-65.003075,146.45,0.0,223,0,3.06, 1,2023-02-14 18:43:11
2023/02/14, 18:58:19,-40.584682,-65.003075,156.92,0.0,191,0,7.67, 1,2023-02-14 18:58:19
2023/02/14, 19:13:32,-40.584717,-65.003105,155.06,0.0,17,0,4.64, 1,2023-02-14 19:13:32
2023/02/14, 19:29:02,-40.584759,-65.00309,151.36,0.0,208,0,4.84, 1,2023-02-14 19:29:02
2023/02/14, 19:44:07,-40.584633,-65.003082,141.36,0.0,25,0,14.03, 1,2023-02-14 19:44:07
2023/02/14, 19:59:10,-40.584736,-65.003098,152.03,0.0,300,0,11.53, 1,2023-02-14 19:59:10
2023/02/14, 20:14:24,-40.584743,-65.003075,151.71,972.0,135,0,2.09, 1,2023-02-14 20:14:24
2023/02/14, 20:29:36,-40.584736,-65.003098,155.08,0.0,67,0,2.09, 1,2023-02-14 20:29:36
2023/02/14, 20:44:47,-40.584675,-65.00312,142.05,0.0,63,0,7.03, 1,2023-02-14 20:44:47
2023/02/14, 20:59:56,-40.584759,-65.003082,152.54,468.0,88,-4,9.88, 1,2023-02-14 20:59:56
2023/02/15, 01:02:33,-40.584705,-65.003128,159.07,468.0,144,-2,0.0, 1,2023-02-15 01:02:33
2023/02/15, 01:17:32,-40.584736,-65.00312,153.22,0.0,42,0,3.51, 1,2023-02-15 01:17:32
2023/02/15, 01:32:30,-40.584705,-65.00312,152.8,0.0,34,0,3.45, 1,2023-02-15 01:32:30
2023/02/15, 01:47:28,-40.584713,-65.003113,147.23,0.0,16,-4,1.07, 1,2023-02-15 01:47:28
2023/02/15, 06:01:50,-40.584686,-65.003113,150.55,288.0,6,-2,0.0, 1,2023-02-15 06:01:50
2023/02/15, 06:16:57,-40.584671,-65.003098,146.51,0.0,62,0,2.09, 1,2023-02-15 06:16:57
2023/02/15, 06:32:05,-40.584671,-65.003113,141.17,0.0,161,0,1.27, 1,2023-02-15 06:32:05
2023/02/15, 06:47:15,-40.584717,-65.003113,150.25,0.0,127,0,5.11, 1,2023-02-15 06:47:15
2023/02/15, 07:02:29,-40.584709,-65.003082,151.5,0.0,77,0,2.76, 1,2023-02-15 07:02:29
2023/02/15, 07:17:39,-40.584709,-65.003098,154.03,540.0,34,0,1.35, 1,2023-02-15 07:17:39
2023/02/15, 07:33:21,-40.584686,-65.00309,152.54,216.0,133,0,2.65, 1,2023-02-15 07:33:21
2023/02/15, 07:48:33,-40.584702,-65.003082,153.05,0.0,205,0,1.9, 1,2023-02-15 07:48:33
2023/02/15, 08:03:49,-40.58466,-65.003166,143.38,0.0,0,0,8.49, 1,2023-02-15 08:03:49
2023/02/15, 08:19:03,-40.584705,-65.003113,154.11,0.0,196,0,6.71, 1,2023-02-15 08:19:03
2023/02/15, 08:34:17,-40.584702,-65.003143,148.19,0.0,66,0,2.56, 1,2023-02-15 08:34:17
2023/02/15, 08:49:34,-40.584667,-65.003151,151.66,0.0,44,0,3.95, 1,2023-02-15 08:49:34
2023/02/15, 09:05:06,-40.584709,-65.003113,152.14,504.0,275,0,5.67, 1,2023-02-15 09:05:06
2023/02/15, 09:20:28,-40.584702,-65.003082,150.87,0.0,325,0,2.73, 1,2023-02-15 09:20:28
2023/02/15, 09:36:20,-40.584682,-65.003098,162.84,540.0,87,0,2.6, 1,2023-02-15 09:36:20
2023/02/15, 09:51:46,-40.584686,-65.003159,161.19,0.0,288,0,5.17, 1,2023-02-15 09:51:46
2023/02/15, 10:07:05,-40.584728,-65.00312,150.99,0.0,353,0,5.71, 1,2023-02-15 10:07:05
2023/02/15, 10:22:09,-40.584702,-65.003098,162.33,0.0,245,0,3.44, 1,2023-02-15 10:22:09
2023/02/15, 10:37:16,-40.584763,-65.003159,152.45,0.0,26,0,8.52, 1,2023-02-15 10:37:16
2023/02/15, 10:52:25,-40.584732,-65.00312,152.67,0.0,236,0,4.77, 1,2023-02-15 10:52:25
2023/02/15, 11:08:03,-40.58469,-65.00312,160.32,180.0,175,0,4.67, 1,2023-02-15 11:08:03
2023/02/15, 11:23:14,-40.584686,-65.003105,151.15,0.0,10,0,1.34, 1,2023-02-15 11:23:14
2023/02/15, 11:38:24,-40.584671,-65.00312,150.05,0.0,176,0,2.09, 1,2023-02-15 11:38:24
2023/02/15, 11:53:37,-40.584652,-65.003105,148.51,0.0,338,0,2.46, 1,2023-02-15 11:53:37
2023/02/15, 12:08:54,-40.58474,-65.003082,159.52,0.0,0,0,9.98, 1,2023-02-15 12:08:54
2023/02/15, 12:24:07,-40.584705,-65.003098,165.14,396.0,184,0,4.12, 1,2023-02-15 12:24:07
2023/02/15, 12:39:22,-40.584774,-65.003082,167.97,0.0,328,0,7.79, 1,2023-02-15 12:39:22
2023/02/15, 12:54:35,-40.584724,-65.003136,152.48,288.0,29,0,7.19, 1,2023-02-15 12:54:35
2023/02/15, 13:10:00,-40.584724,-65.003082,163.83,72.0,55,0,4.56, 1,2023-02-15 13:10:00
2023/02/15, 13:25:01,-40.584709,-65.003166,150.82,0.0,47,0,7.29, 1,2023-02-15 13:25:01
2023/02/15, 13:40:01,-40.584774,-65.003098,159.53,0.0,11,0,9.23, 1,2023-02-15 13:40:01
2023/02/15, 13:55:05,-40.584724,-65.003059,169.89,0.0,298,0,6.46, 1,2023-02-15 13:55:05
2023/02/15, 14:10:06,-40.584724,-65.003113,160.16,180.0,239,0,4.56, 1,2023-02-15 14:10:06
2023/02/15, 14:24:59,-40.584717,-65.003082,161.37,0.0,244,0,2.73, 1,2023-02-15 14:24:59
2023/02/15, 14:39:52,-40.584709,-65.003098,160.62,0.0,60,0,1.62, 1,2023-02-15 14:39:52
2023/02/15, 14:55:14,-40.584736,-65.003105,153.2,252.0,300,0,3.06, 1,2023-02-15 14:55:14
2023/02/15, 15:10:32,-40.584705,-65.003098,155.08,252.0,94,0,3.5, 1,2023-02-15 15:10:32
2023/02/15, 15:25:32,-40.584721,-65.00312,153.61,0.0,260,0,2.57, 1,2023-02-15 15:25:32
2023/02/15, 15:40:28,-40.584705,-65.00312,156.03,0.0,248,0,1.78, 1,2023-02-15 15:40:28
2023/02/15, 15:55:16,-40.584709,-65.003075,157.34,0.0,92,0,3.83, 1,2023-02-15 15:55:16
2023/02/15, 16:10:27,-40.584717,-65.003082,152.39,504.0,114,0,1.07, 1,2023-02-15 16:10:27
2023/02/15, 16:25:43,-40.584705,-65.003067,161.61,216.0,210,0,1.84, 1,2023-02-15 16:25:43
2023/02/15, 16:41:00,-40.584747,-65.003113,151.29,360.0,249,0,6.07, 1,2023-02-15 16:41:00
2023/02/15, 16:56:20,-40.584755,-65.003059,161.97,216.0,62,0,4.65, 1,2023-02-15 16:56:20
2023/02/15, 17:11:36,-40.584824,-65.003006,136.94,720.0,310,0,8.88, 1,2023-02-15 17:11:36
2023/02/15, 17:26:50,-40.584736,-65.00309,150.47,108.0,114,0,12.09, 1,2023-02-15 17:26:50
2023/02/15, 17:43:27,-40.584663,-65.00312,156.45,0.0,0,0,8.5, 1,2023-02-15 17:43:27
2023/02/15, 17:58:40,-40.584709,-65.003075,156.77,0.0,22,0,6.37, 1,2023-02-15 17:58:40
2023/02/15, 18:13:48,-40.584721,-65.00312,150.94,0.0,190,0,4.03, 1,2023-02-15 18:13:48
2023/02/15, 18:28:47,-40.584766,-65.003082,144.04,0.0,32,0,5.94, 1,2023-02-15 18:28:47
2023/02/15, 18:43:45,-40.584736,-65.003059,152.14,0.0,144,0,3.86, 1,2023-02-15 18:43:45
2023/02/15, 18:58:42,-40.584728,-65.00309,150.12,0.0,345,0,2.76, 1,2023-02-15 18:58:42
2023/02/15, 19:13:45,-40.584713,-65.003075,148.67,0.0,355,0,2.09, 1,2023-02-15 19:13:45
2023/02/15, 19:29:00,-40.58474,-65.003067,155.22,144.0,60,0,3.08, 1,2023-02-15 19:29:00
2023/02/15, 19:43:54,-40.584736,-65.003098,157.17,0.0,192,0,2.66, 1,2023-02-15 19:43:54
2023/02/15, 19:58:45,-40.584736,-65.00309,154.34,252.0,191,0,0.68, 1,2023-02-15 19:58:45
2023/02/15, 20:13:49,-40.584797,-65.003082,133.51,0.0,56,0,6.82, 1,2023-02-15 20:13:49
2023/02/15, 20:28:49,-40.584717,-65.003044,149.82,720.0,135,0,9.46, 1,2023-02-15 20:28:49
2023/02/15, 20:43:51,-40.584728,-65.003105,138.11,432.0,179,0,5.29, 1,2023-02-15 20:43:51
2023/02/15, 20:59:00,-40.584709,-65.003044,155.15,432.0,26,-4,5.57, 1,2023-02-15 20:59:00
2023/02/16, 01:02:03,-40.584694,-65.003128,155.65,216.0,298,-2,0.0, 1,2023-02-16 01:02:03
2023/02/16, 01:17:05,-40.584728,-65.003098,154.81,0.0,42,0,4.55, 1,2023-02-16 01:17:05
2023/02/16, 01:32:05,-40.58474,-65.003136,146.78,0.0,9,0,3.48, 1,2023-02-16 01:32:05
2023/02/16, 01:47:04,-40.584686,-65.003098,158.57,20160.0,13,-4,6.81, 1,2023-02-16 01:47:04
2023/02/16, 06:02:03,-40.58469,-65.003098,152.76,252.0,82,-2,0.0, 1,2023-02-16 06:02:03
2023/02/16, 06:16:57,-40.58469,-65.00312,147.05,252.0,178,0,1.86, 1,2023-02-16 06:16:57
2023/02/16, 06:31:52,-40.58469,-65.003128,144.81,0.0,46,0,0.68, 1,2023-02-16 06:31:52
2023/02/16, 06:46:47,-40.584698,-65.003143,155.82,0.0,339,0,1.55, 1,2023-02-16 06:46:47
2023/02/16, 07:01:43,-40.584682,-65.003105,154.07,1008.0,55,0,3.67, 1,2023-02-16 07:01:43
2023/02/16, 07:16:38,-40.584682,-65.003098,155.39,0.0,23,0,0.59, 1,2023-02-16 07:16:38
2023/02/16, 07:31:34,-40.584667,-65.003105,150.59,0.0,342,0,1.77, 1,2023-02-16 07:31:34
2023/02/16, 07:46:30,-40.58466,-65.003136,147.55,0.0,5,0,2.73, 1,2023-02-16 07:46:30
2023/02/16, 08:01:29,-40.584648,-65.003105,154.18,0.0,66,0,2.94, 1,2023-02-16 08:01:29
2023/02/16, 08:16:26,-40.584648,-65.00309,151.98,0.0,354,0,1.27, 1,2023-02-16 08:16:26
2023/02/16, 08:31:26,-40.58469,-65.00309,157.52,504.0,49,0,4.67, 1,2023-02-16 08:31:26
2023/02/16, 08:46:56,-40.584671,-65.00312,157.14,36.0,358,0,3.3, 1,2023-02-16 08:46:56
2023/02/16, 09:01:58,-40.584694,-65.00309,148.43,0.0,0,0,3.6, 1,2023-02-16 09:01:58
2023/02/16, 09:16:59,-40.584728,-65.003128,161.05,0.0,92,0,4.96, 1,2023-02-16 09:16:59
2023/02/16, 09:32:03,-40.584709,-65.003036,155.17,0.0,59,0,8.05, 1,2023-02-16 09:32:03
2023/02/16, 09:47:07,-40.584675,-65.003151,144.01,0.0,181,0,10.42, 1,2023-02-16 09:47:07
2023/02/16, 10:02:15,-40.584705,-65.003098,159.36,0.0,16,0,5.58, 1,2023-02-16 10:02:15
2023/02/16, 10:17:19,-40.584679,-65.00309,166.1,0.0,42,0,2.97, 1,2023-02-16 10:17:19
2023/02/16, 10:32:25,-40.584709,-65.00312,157.88,0.0,217,0,4.19, 1,2023-02-16 10:32:25
2023/02/16, 10:47:32,-40.584682,-65.003128,152.05,2304.0,227,0,3.08, 1,2023-02-16 10:47:32
2023/02/16, 11:03:19,-40.584713,-65.003105,156.94,360.0,10,0,3.96, 1,2023-02-16 11:03:19
2023/02/16, 11:18:29,-40.584709,-65.00312,157.61,0.0,84,0,1.34, 1,2023-02-16 11:18:29
2023/02/16, 11:33:40,-40.584679,-65.00309,157.18,0.0,117,0,4.19, 1,2023-02-16 11:33:40
2023/02/16, 11:48:53,-40.58469,-65.003067,162.04,0.0,161,0,2.3, 1,2023-02-16 11:48:53
2023/02/16, 12:04:10,-40.584671,-65.003098,148.86,0.0,0,0,3.36, 1,2023-02-16 12:04:10
2023/02/16, 12:19:15,-40.584702,-65.003082,159.51,0.0,323,0,3.7, 1,2023-02-16 12:19:15
2023/02/16, 12:34:20,-40.584682,-65.003098,155.73,0.0,338,0,2.6, 1,2023-02-16 12:34:20
2023/02/16, 12:49:23,-40.584671,-65.003029,172.75,0.0,324,0,5.95, 1,2023-02-16 12:49:23
2023/02/16, 13:04:31,-40.584679,-65.003059,164.68,0.0,99,0,2.69, 1,2023-02-16 13:04:31
2023/02/16, 13:19:48,-40.584656,-65.003014,165.96,648.0,220,0,4.58, 1,2023-02-16 13:19:48
2023/02/16, 13:35:18,-40.58469,-65.00309,154.67,1512.0,31,0,7.45, 1,2023-02-16 13:35:18
2023/02/16, 13:50:22,-40.584679,-65.003105,161.43,1512.0,179,0,1.76, 1,2023-02-16 13:50:22
2023/02/16, 14:05:32,-40.584709,-65.003098,158.28,0.0,120,0,3.39, 1,2023-02-16 14:05:32
2023/02/16, 14:20:39,-40.584713,-65.003082,159.91,0.0,204,0,1.42, 1,2023-02-16 14:20:39
2023/02/16, 14:35:49,-40.584736,-65.003082,159.76,0.0,172,0,2.56, 1,2023-02-16 14:35:49
2023/02/16, 14:51:02,-40.584763,-65.003052,151.51,0.0,321,0,3.93, 1,2023-02-16 14:51:02
2023/02/16, 15:06:16,-40.584713,-65.003067,159.39,0.0,0,0,5.7, 1,2023-02-16 15:06:16
2023/02/16, 15:21:27,-40.584717,-65.003067,156.74,0.0,36,0,0.44, 1,2023-02-16 15:21:27
2023/02/16, 15:36:38,-40.584721,-65.003075,159.34,0.0,47,0,0.81, 1,2023-02-16 15:36:38
2023/02/16, 15:51:46,-40.584755,-65.003098,159.6,252.0,267,0,4.25, 1,2023-02-16 15:51:46
2023/02/16, 16:06:58,-40.58474,-65.003105,147.45,36.0,68,0,1.77, 1,2023-02-16 16:06:58
2023/02/16, 16:22:04,-40.584736,-65.003044,158.45,1476.0,50,0,5.17, 1,2023-02-16 16:22:04
2023/02/16, 16:37:09,-40.584717,-65.003029,144.29,1440.0,46,0,2.46, 1,2023-02-16 16:37:09
2023/02/16, 16:52:27,-40.584755,-65.003059,150.79,252.0,230,0,4.93, 1,2023-02-16 16:52:27
2023/02/16, 17:08:03,-40.584728,-65.003082,153.16,324.0,0,0,3.58, 1,2023-02-16 17:08:03
2023/02/16, 17:23:10,-40.584763,-65.003075,145.87,0.0,194,0,3.94, 1,2023-02-16 17:23:10
2023/02/16, 17:38:16,-40.584698,-65.00312,139.57,0.0,324,0,8.17, 1,2023-02-16 17:38:16
2023/02/16, 17:53:21,-40.584702,-65.003082,154.49,0.0,168,0,3.24, 1,2023-02-16 17:53:21
2023/02/16, 18:08:30,-40.584736,-65.003128,150.47,576.0,23,0,5.42, 1,2023-02-16 18:08:30
2023/02/16, 18:23:33,-40.584705,-65.00309,151.04,0.0,45,0,4.71, 1,2023-02-16 18:23:33
2023/02/16, 18:38:37,-40.584702,-65.003052,158.1,0.0,349,0,3.23, 1,2023-02-16 18:38:37
2023/02/16, 18:53:39,-40.584705,-65.00309,158.48,0.0,222,0,3.23, 1,2023-02-16 18:53:39
2023/02/16, 19:08:53,-40.584675,-65.003067,150.7,0.0,352,0,3.86, 1,2023-02-16 19:08:53
2023/02/16, 19:24:22,-40.584763,-65.003075,150.25,828.0,178,0,9.81, 1,2023-02-16 19:24:22
2023/02/16, 19:39:56,-40.584862,-65.003113,145.86,720.0,157,0,11.47, 1,2023-02-16 19:39:56
2023/02/16, 19:55:30,-40.584885,-65.003059,138.83,432.0,172,0,5.23, 1,2023-02-16 19:55:30
2023/02/16, 20:14:30,-40.584698,-65.00309,148.51,0.0,319,0,20.96, 1,2023-02-16 20:14:30
2023/02/16, 20:29:38,-40.584694,-65.003067,152.19,0.0,11,0,1.99, 1,2023-02-16 20:29:38
2023/02/16, 20:44:46,-40.584724,-65.003151,139.04,0.0,193,-4,7.84, 1,2023-02-16 20:44:46
2023/02/17, 01:01:32,-40.584713,-65.003113,151.57,288.0,327,-2,0.0, 1,2023-02-17 01:01:32
2023/02/17, 01:16:30,-40.584717,-65.003098,148.76,0.0,133,0,1.34, 1,2023-02-17 01:16:30
2023/02/17, 01:31:27,-40.58469,-65.00309,163.08,0.0,59,0,3.08, 1,2023-02-17 01:31:27
2023/02/17, 01:46:24,-40.584694,-65.003075,164.41,0.0,107,-4,1.34, 1,2023-02-17 01:46:24
2023/02/17, 06:02:02,-40.584698,-65.003105,150.29,324.0,70,-2,0.0, 1,2023-02-17 06:02:02
2023/02/17, 06:17:15,-40.584702,-65.00309,145.45,0.0,0,0,1.34, 1,2023-02-17 06:17:15
2023/02/17, 06:32:28,-40.584637,-65.00312,146.76,216.0,227,0,7.66, 1,2023-02-17 06:32:28
2023/02/17, 06:47:41,-40.584728,-65.003105,138.77,0.0,81,0,10.2, 1,2023-02-17 06:47:41
2023/02/17, 07:03:00,-40.584667,-65.003052,141.44,0.0,210,0,8.13, 1,2023-02-17 07:03:00
2023/02/17, 07:18:15,-40.584656,-65.00309,158.8,0.0,193,0,3.43, 1,2023-02-17 07:18:15
2023/02/17, 07:33:38,-40.584782,-65.00309,139.94,2304.0,179,0,14.01, 1,2023-02-17 07:33:38
2023/02/17, 07:48:57,-40.584934,-65.00322,128.21,6552.0,22,0,20.15, 1,2023-02-17 07:48:57
2023/02/17, 08:04:32,-40.584686,-65.003105,150.46,252.0,98,0,29.24, 1,2023-02-17 08:04:32
2023/02/17, 08:19:47,-40.584705,-65.003098,155.93,0.0,30,0,2.19, 1,2023-02-17 08:19:47
2023/02/17, 08:35:03,-40.584648,-65.003105,155.01,0.0,0,0,6.37, 1,2023-02-17 08:35:03
2023/02/17, 08:50:21,-40.584698,-65.003113,154.95,0.0,93,0,5.6, 1,2023-02-17 08:50:21
2023/02/17, 09:05:36,-40.584736,-65.003143,154.53,0.0,0,0,4.93, 1,2023-02-17 09:05:36
2023/02/17, 09:20:36,-40.584686,-65.003059,163.78,0.0,61,0,9.01, 1,2023-02-17 09:20:36
2023/02/17, 09:35:41,-40.584713,-65.003136,146.78,0.0,62,0,7.16, 1,2023-02-17 09:35:41
2023/02/17, 09:50:44,-40.58482,-65.003365,145.19,1512.0,224,0,22.71, 1,2023-02-17 09:50:44
2023/02/17, 10:05:54,-40.584682,-65.003159,148.52,0.0,196,0,23.2, 1,2023-02-17 10:05:54
2023/02/17, 10:20:59,-40.584709,-65.003105,158.35,0.0,228,0,5.46, 1,2023-02-17 10:20:59
2023/02/17, 10:36:07,-40.584766,-65.003159,156.75,0.0,199,0,7.81, 1,2023-02-17 10:36:07
2023/02/17, 10:51:31,-40.584747,-65.003113,156.93,540.0,238,0,4.42, 1,2023-02-17 10:51:31
2023/02/17, 11:07:06,-40.584736,-65.003098,157.99,360.0,184,0,1.76, 1,2023-02-17 11:07:06
2023/02/17, 11:22:31,-40.58469,-65.003059,160.4,360.0,244,0,6.08, 1,2023-02-17 11:22:31
2023/02/17, 11:38:00,-40.584774,-65.003128,157.17,468.0,19,0,11.01, 1,2023-02-17 11:38:00
2023/02/17, 11:55:11,-40.584702,-65.003113,155.57,0.0,335,0,8.11, 1,2023-02-17 11:55:11
2023/02/17, 12:10:23,-40.584751,-65.003067,149.83,0.0,267,0,6.69, 1,2023-02-17 12:10:23
2023/02/17, 12:25:29,-40.584721,-65.003098,156.32,0.0,331,0,4.24, 1,2023-02-17 12:25:29
2023/02/17, 12:40:36,-40.584759,-65.003075,150.77,396.0,333,0,4.65, 1,2023-02-17 12:40:36
2023/02/17, 12:55:43,-40.584709,-65.003105,165.71,180.0,232,0,6.11, 1,2023-02-17 12:55:43
2023/02/17, 13:10:55,-40.584721,-65.003151,148.98,648.0,289,0,4.11, 1,2023-02-17 13:10:55
2023/02/17, 13:26:06,-40.584675,-65.003052,164.62,0.0,112,0,9.8, 1,2023-02-17 13:26:06
2023/02/17, 13:41:31,-40.584747,-65.003098,157.59,0.0,47,0,8.9, 1,2023-02-17 13:41:31
2023/02/17, 13:56:42,-40.584705,-65.003105,158.96,0.0,141,0,4.71, 1,2023-02-17 13:56:42
2023/02/17, 14:12:02,-40.584713,-65.00312,152.76,0.0,256,0,1.55, 1,2023-02-17 14:12:02
2023/02/17, 14:27:23,-40.584709,-65.003098,161.13,0.0,173,0,1.91, 1,2023-02-17 14:27:23
2023/02/17, 14:42:51,-40.584778,-65.00309,156.87,0.0,12,0,7.7, 1,2023-02-17 14:42:51
2023/02/17, 14:58:30,-40.584713,-65.00309,155.82,0.0,153,0,7.23, 1,2023-02-17 14:58:30
2023/02/17, 15:13:42,-40.584686,-65.003082,152.57,0.0,273,0,3.08, 1,2023-02-17 15:13:42
2023/02/17, 15:28:43,-40.584747,-65.003105,152.06,0.0,276,0,7.06, 1,2023-02-17 15:28:43
2023/02/17, 15:43:37,-40.584766,-65.003128,150.1,0.0,119,0,2.87, 1,2023-02-17 15:43:37
2023/02/17, 15:58:25,-40.584755,-65.003105,151.78,0.0,64,0,2.3, 1,2023-02-17 15:58:25
2023/02/17, 16:13:44,-40.584759,-65.003082,150.65,0.0,232,0,1.99, 1,2023-02-17 16:13:44
2023/02/17, 16:29:05,-40.584763,-65.003113,151.24,0.0,233,0,2.66, 1,2023-02-17 16:29:05
2023/02/17, 16:44:28,-40.584743,-65.003036,152.54,0.0,70,0,6.87, 1,2023-02-17 16:44:28
2023/02/17, 17:00:26,-40.584743,-65.003082,156.32,468.0,75,0,3.88, 1,2023-02-17 17:00:26
2023/02/17, 17:15:48,-40.584782,-65.00309,145.88,72.0,160,0,4.39, 1,2023-02-17 17:15:48
2023/02/17, 17:31:06,-40.584694,-65.003151,139.07,0.0,162,0,11.06, 1,2023-02-17 17:31:06
2023/02/17, 17:46:23,-40.584702,-65.003105,152.67,0.0,328,0,3.99, 1,2023-02-17 17:46:23
2023/02/17, 18:01:41,-40.584747,-65.00309,157.02,0.0,0,0,5.16, 1,2023-02-17 18:01:41
2023/02/17, 18:16:56,-40.584698,-65.003052,152.96,756.0,50,0,6.32, 1,2023-02-17 18:16:56
2023/02/17, 18:32:30,-40.584732,-65.00309,145.21,504.0,274,0,4.96, 1,2023-02-17 18:32:30
2023/02/17, 18:47:46,-40.584686,-65.003105,153.65,0.0,310,0,5.27, 1,2023-02-17 18:47:46
2023/02/17, 19:03:06,-40.584728,-65.003105,154.25,612.0,30,0,4.67, 1,2023-02-17 19:03:06
2023/02/17, 19:18:20,-40.584702,-65.003082,153.26,648.0,173,0,3.48, 1,2023-02-17 19:18:20
2023/02/17, 19:33:32,-40.584732,-65.00312,154.06,972.0,16,0,4.63, 1,2023-02-17 19:33:32
2023/02/17, 19:48:45,-40.584736,-65.00312,152.43,216.0,42,0,0.44, 1,2023-02-17 19:48:45
2023/02/17, 20:04:02,-40.584709,-65.003098,148.32,864.0,289,0,3.53, 1,2023-02-17 20:04:02
2023/02/17, 20:19:15,-40.584732,-65.00309,153.91,0.0,184,0,2.65, 1,2023-02-17 20:19:15
2023/02/17, 20:34:40,-40.584644,-65.003059,157.09,720.0,139,0,10.13, 1,2023-02-17 20:34:40
2023/02/17, 20:50:02,-40.58469,-65.003052,154.46,1044.0,6,-4,5.15, 1,2023-02-17 20:50:02
2023/02/18, 01:00:32,-40.584717,-65.00312,155.0,360.0,24,-2,0.0, 1,2023-02-18 01:00:32
2023/02/18, 01:15:40,-40.58469,-65.00312,148.42,0.0,50,0,3.0, 1,2023-02-18 01:15:40
2023/02/18, 01:30:48,-40.584717,-65.00312,168.02,0.0,309,0,3.0, 1,2023-02-18 01:30:48
2023/02/18, 01:45:55,-40.584705,-65.003075,166.26,684.0,118,-4,4.03, 1,2023-02-18 01:45:55
2023/02/18, 06:02:02,-40.584682,-65.003105,147.61,324.0,209,-2,0.0, 1,2023-02-18 06:02:02
2023/02/18, 06:17:02,-40.584705,-65.003098,149.84,0.0,168,0,2.62, 1,2023-02-18 06:17:02
2023/02/18, 06:32:00,-40.584686,-65.003098,148.31,0.0,50,0,2.11, 1,2023-02-18 06:32:00
2023/02/18, 06:46:58,-40.584694,-65.003113,150.67,0.0,226,0,1.55, 1,2023-02-18 06:46:58
2023/02/18, 07:01:58,-40.584705,-65.003128,150.2,0.0,0,0,1.76, 1,2023-02-18 07:01:58
2023/02/18, 07:16:56,-40.584671,-65.003098,152.71,288.0,53,0,4.55, 1,2023-02-18 07:16:56
2023/02/18, 07:31:56,-40.584686,-65.003113,144.01,0.0,61,0,2.09, 1,2023-02-18 07:31:56
2023/02/18, 07:46:56,-40.584698,-65.00312,153.92,1368.0,179,0,1.46, 1,2023-02-18 07:46:56
2023/02/18, 08:02:00,-40.584602,-65.003159,141.46,0.0,0,0,11.17, 1,2023-02-18 08:02:00
2023/02/18, 08:17:03,-40.584702,-65.003113,156.71,0.0,249,0,11.78, 1,2023-02-18 08:17:03
2023/02/18, 08:32:22,-40.584656,-65.003143,151.61,324.0,69,0,5.71, 1,2023-02-18 08:32:22
2023/02/18, 08:47:46,-40.58474,-65.003227,136.71,540.0,63,0,11.73, 1,2023-02-18 08:47:46
2023/02/18, 09:03:32,-40.584709,-65.003136,153.79,72.0,18,0,8.42, 1,2023-02-18 09:03:32
2023/02/18, 09:22:27,-40.58469,-65.003082,159.69,756.0,85,0,5.03, 1,2023-02-18 09:22:27
2023/02/18, 09:37:35,-40.584705,-65.003204,159.22,1008.0,335,0,10.44, 1,2023-02-18 09:37:35
2023/02/18, 09:52:47,-40.58474,-65.003067,163.56,0.0,5,0,12.21, 1,2023-02-18 09:52:47
2023/02/18, 10:08:00,-40.58469,-65.00312,154.32,0.0,221,0,7.14, 1,2023-02-18 10:08:00
2023/02/18, 10:23:05,-40.58474,-65.003151,156.42,0.0,176,0,6.15, 1,2023-02-18 10:23:05
2023/02/18, 10:38:11,-40.584713,-65.003212,154.71,1116.0,239,0,5.96, 1,2023-02-18 10:38:11
2023/02/18, 10:53:19,-40.584797,-65.003212,153.96,0.0,38,0,9.34, 1,2023-02-18 10:53:19
2023/02/18, 11:08:35,-40.584789,-65.003227,149.19,0.0,236,0,1.55, 1,2023-02-18 11:08:35
2023/02/18, 11:24:02,-40.584705,-65.003105,159.86,0.0,51,0,13.91, 1,2023-02-18 11:24:02
2023/02/18, 11:39:14,-40.584679,-65.003113,151.81,0.0,28,0,2.97, 1,2023-02-18 11:39:14
2023/02/18, 11:54:27,-40.584724,-65.003105,159.09,0.0,176,0,5.05, 1,2023-02-18 11:54:27
2023/02/18, 12:09:50,-40.584702,-65.00309,155.97,0.0,324,0,2.75, 1,2023-02-18 12:09:50
2023/02/18, 12:25:09,-40.584732,-65.003113,162.55,0.0,288,0,3.86, 1,2023-02-18 12:25:09
2023/02/18, 12:40:34,-40.584717,-65.003052,168.41,0.0,357,0,5.41, 1,2023-02-18 12:40:34
2023/02/18, 12:55:59,-40.584667,-65.00296,179.56,0.0,124,0,9.55, 1,2023-02-18 12:55:59
2023/02/18, 13:11:32,-40.584705,-65.003128,159.67,216.0,289,0,14.8, 1,2023-02-18 13:11:32
2023/02/18, 13:26:23,-40.584667,-65.003113,158.41,0.0,294,0,4.41, 1,2023-02-18 13:26:23
2023/02/18, 13:41:17,-40.584694,-65.003098,163.69,0.0,0,0,3.26, 1,2023-02-18 13:41:17
2023/02/18, 13:56:15,-40.584713,-65.003136,155.71,0.0,140,0,3.84, 1,2023-02-18 13:56:15
2023/02/18, 14:11:30,-40.584732,-65.00309,158.63,0.0,325,0,4.42, 1,2023-02-18 14:11:30
2023/02/18, 14:26:50,-40.584713,-65.003075,161.76,0.0,244,0,2.46, 1,2023-02-18 14:26:50
2023/02/18, 14:42:11,-40.584679,-65.003044,150.3,0.0,23,0,4.6, 1,2023-02-18 14:42:11
2023/02/18, 14:57:43,-40.584728,-65.003151,149.25,0.0,293,0,10.55, 1,2023-02-18 14:57:43
2023/02/18, 15:12:47,-40.584732,-65.002838,175.32,0.0,105,0,26.44, 1,2023-02-18 15:12:47
2023/02/18, 15:27:51,-40.584698,-65.003181,141.73,0.0,274,0,29.21, 1,2023-02-18 15:27:51
2023/02/18, 15:43:08,-40.584751,-65.003281,136.19,0.0,0,0,10.3, 1,2023-02-18 15:43:08
2023/02/18, 15:58:36,-40.584736,-65.003235,142.84,0.0,74,0,4.23, 1,2023-02-18 15:58:36
2023/02/18, 16:14:01,-40.584747,-65.003098,151.22,0.0,261,0,11.63, 1,2023-02-18 16:14:01
2023/02/18, 16:29:57,-40.584721,-65.003044,151.76,0.0,0,0,5.4, 1,2023-02-18 16:29:57
2023/02/18, 16:44:51,-40.584724,-65.002945,153.53,0.0,327,0,8.37, 1,2023-02-18 16:44:51
2023/02/18, 17:00:27,-40.584637,-65.002975,163.34,396.0,337,0,10.0, 1,2023-02-18 17:00:27
2023/02/18, 17:16:24,-40.584675,-65.002991,156.03,396.0,185,0,4.44, 1,2023-02-18 17:16:24
2023/02/18, 17:31:34,-40.584782,-65.003021,108.87,0.0,121,0,12.16, 1,2023-02-18 17:31:34
2023/02/18, 17:46:37,-40.584652,-65.00293,156.62,900.0,26,0,16.37, 1,2023-02-18 17:46:37
2023/02/18, 18:01:41,-40.584721,-65.003082,129.34,0.0,107,0,14.95, 1,2023-02-18 18:01:41
2023/02/18, 18:16:41,-40.58469,-65.003021,133.67,0.0,173,0,6.2, 1,2023-02-18 18:16:41
2023/02/18, 18:31:39,-40.584751,-65.003105,129.14,0.0,39,0,9.81, 1,2023-02-18 18:31:39
2023/02/18, 18:46:36,-40.584801,-65.003082,136.31,0.0,77,0,5.89, 1,2023-02-18 18:46:36
2023/02/18, 19:01:40,-40.584724,-65.002922,154.7,1080.0,14,0,16.0, 1,2023-02-18 19:01:40
2023/02/18, 19:17:02,-40.584717,-65.002983,148.41,828.0,85,0,5.21, 1,2023-02-18 19:17:02
2023/02/18, 19:31:55,-40.584686,-65.002968,159.32,0.0,22,0,3.67, 1,2023-02-18 19:31:55
2023/02/18, 19:46:45,-40.584682,-65.002953,152.91,1548.0,14,0,1.34, 1,2023-02-18 19:46:45
2023/02/18, 20:01:37,-40.58477,-65.002975,141.82,0.0,357,0,9.96, 1,2023-02-18 20:01:37
2023/02/18, 20:16:23,-40.584541,-65.00293,159.66,1332.0,36,0,25.75, 1,2023-02-18 20:16:23
2023/02/18, 20:31:06,-40.584606,-65.002922,163.27,0.0,15,0,7.26, 1,2023-02-18 20:31:06
2023/02/18, 20:45:49,-40.584579,-65.002869,175.67,0.0,266,-4,5.39, 1,2023-02-18 20:45:49
2023/02/19, 01:02:32,-40.584671,-65.003029,140.46,432.0,251,-2,0.0, 1,2023-02-19 01:02:32
2023/02/19, 01:17:32,-40.584709,-65.003059,138.08,0.0,82,0,4.93, 1,2023-02-19 01:17:32
2023/02/19, 01:32:31,-40.584637,-65.00296,154.84,4824.0,27,0,11.58, 1,2023-02-19 01:32:31
2023/02/19, 01:47:29,-40.584763,-65.003082,145.05,1296.0,61,-4,17.39, 1,2023-02-19 01:47:29
2023/02/19, 06:01:50,-40.584686,-65.002983,145.14,72.0,56,-2,0.0, 1,2023-02-19 06:01:50
2023/02/19, 06:16:59,-40.584671,-65.002975,144.06,0.0,50,0,1.8, 1,2023-02-19 06:16:59
2023/02/19, 06:32:08,-40.584675,-65.003036,136.54,0.0,186,0,5.17, 1,2023-02-19 06:32:08
2023/02/19, 06:47:17,-40.584652,-65.002975,142.07,0.0,217,0,5.75, 1,2023-02-19 06:47:17
2023/02/19, 07:02:30,-40.584576,-65.002899,151.85,1836.0,224,0,10.61, 1,2023-02-19 07:02:30
2023/02/19, 07:17:37,-40.584507,-65.002815,155.43,0.0,216,0,10.45, 1,2023-02-19 07:17:37
2023/02/19, 07:32:43,-40.584694,-65.003044,157.22,0.0,33,0,28.4, 1,2023-02-19 07:32:43
2023/02/19, 07:47:49,-40.584629,-65.002945,157.44,1116.0,210,0,11.05, 1,2023-02-19 07:47:49
2023/02/19, 08:03:03,-40.584606,-65.003014,150.69,0.0,255,0,6.36, 1,2023-02-19 08:03:03
2023/02/19, 08:18:31,-40.58469,-65.002991,157.16,684.0,126,0,9.54, 1,2023-02-19 08:18:31
2023/02/19, 08:33:44,-40.584671,-65.003052,151.16,0.0,8,0,5.57, 1,2023-02-19 08:33:44
2023/02/19, 08:48:57,-40.584671,-65.003036,143.56,0.0,356,0,1.35, 1,2023-02-19 08:48:57
2023/02/19, 09:04:16,-40.584644,-65.003014,150.66,0.0,208,0,3.53, 1,2023-02-19 09:04:16
2023/02/19, 09:20:02,-40.584644,-65.00296,151.48,540.0,49,0,4.56, 1,2023-02-19 09:20:02
2023/02/19, 09:35:21,-40.584663,-65.002968,156.42,0.0,222,0,2.22, 1,2023-02-19 09:35:21
2023/02/19, 09:50:41,-40.584667,-65.002945,145.39,0.0,124,0,1.99, 1,2023-02-19 09:50:41
2023/02/19, 10:05:58,-40.58461,-65.002975,157.23,0.0,0,0,6.83, 1,2023-02-19 10:05:58
2023/02/19, 10:21:01,-40.584621,-65.002937,160.68,0.0,190,0,3.43, 1,2023-02-19 10:21:01
2023/02/19, 10:36:12,-40.584621,-65.002968,160.24,0.0,30,0,2.62, 1,2023-02-19 10:36:12
2023/02/19, 10:51:38,-40.584812,-65.003128,148.37,972.0,185,0,25.17, 1,2023-02-19 10:51:38
2023/02/19, 11:06:57,-40.584713,-65.002968,156.82,0.0,47,0,17.43, 1,2023-02-19 11:06:57
2023/02/19, 11:22:33,-40.584641,-65.002991,165.28,252.0,333,0,8.24, 1,2023-02-19 11:22:33
2023/02/19, 11:37:44,-40.584644,-65.002937,157.8,0.0,96,0,4.57, 1,2023-02-19 11:37:44
2023/02/19, 11:52:53,-40.584675,-65.002975,162.48,0.0,287,0,4.71, 1,2023-02-19 11:52:53
2023/02/19, 12:08:08,-40.584682,-65.002991,167.63,1008.0,91,0,1.56, 1,2023-02-19 12:08:08
2023/02/19, 12:23:23,-40.584721,-65.003036,156.79,1620.0,234,0,5.77, 1,2023-02-19 12:23:23
2023/02/19, 12:38:57,-40.584755,-65.003174,141.48,540.0,84,0,12.25, 1,2023-02-19 12:38:57
2023/02/19, 12:54:48,-40.584675,-65.002983,159.38,36.0,82,0,18.42, 1,2023-02-19 12:54:48
2023/02/19, 13:13:36,-40.584747,-65.003059,145.45,0.0,233,0,10.26, 1,2023-02-19 13:13:36
2023/02/19, 13:28:27,-40.584652,-65.002968,173.49,0.0,29,0,13.06, 1,2023-02-19 13:28:27
2023/02/19, 13:43:18,-40.584702,-65.003014,151.91,0.0,19,0,6.78, 1,2023-02-19 13:43:18
2023/02/19, 13:58:11,-40.584763,-65.00309,143.57,0.0,20,0,9.34, 1,2023-02-19 13:58:11
2023/02/19, 14:13:11,-40.584763,-65.00309,156.45,0.0,227,0,0.0, 1,2023-02-19 14:13:11
2023/02/19, 14:28:11,-40.584766,-65.003189,141.54,0.0,25,0,8.37, 1,2023-02-19 14:28:11
2023/02/19, 14:43:56,-40.584686,-65.002991,158.86,684.0,292,0,18.94, 1,2023-02-19 14:43:56
2023/02/19, 14:59:11,-40.584728,-65.00296,149.56,0.0,181,0,5.35, 1,2023-02-19 14:59:11
2023/02/19, 15:14:07,-40.584675,-65.002953,158.6,0.0,226,0,5.92, 1,2023-02-19 15:14:07
2023/02/19, 15:28:53,-40.584698,-65.002953,160.65,0.0,310,0,2.56, 1,2023-02-19 15:28:53
2023/02/19, 15:43:37,-40.584686,-65.00296,156.64,0.0,271,0,1.46, 1,2023-02-19 15:43:37
2023/02/19, 15:58:19,-40.584724,-65.002907,143.07,0.0,339,0,6.16, 1,2023-02-19 15:58:19
2023/02/19, 16:13:18,-40.584743,-65.002922,150.31,0.0,264,0,2.46, 1,2023-02-19 16:13:18
2023/02/19, 16:28:10,-40.584743,-65.002983,148.23,0.0,117,0,5.15, 1,2023-02-19 16:28:10
2023/02/19, 16:43:02,-40.584698,-65.002937,152.89,756.0,168,0,6.33, 1,2023-02-19 16:43:02
2023/02/19, 16:57:55,-40.584637,-65.002991,160.37,0.0,169,0,8.17, 1,2023-02-19 16:57:55
2023/02/19, 17:13:27,-40.584698,-65.002945,156.03,360.0,243,0,7.82, 1,2023-02-19 17:13:27
2023/02/19, 17:28:22,-40.584675,-65.00293,146.79,0.0,233,0,2.85, 1,2023-02-19 17:28:22
2023/02/19, 17:43:14,-40.584667,-65.002945,152.71,0.0,198,0,1.55, 1,2023-02-19 17:43:14
2023/02/19, 17:58:03,-40.584675,-65.002983,150.06,0.0,235,0,3.33, 1,2023-02-19 17:58:03
2023/02/19, 18:12:56,-40.584534,-65.002983,134.86,0.0,199,0,15.68, 1,2023-02-19 18:12:56
2023/02/19, 18:27:42,-40.584656,-65.002914,149.36,0.0,97,0,14.76, 1,2023-02-19 18:27:42
2023/02/19, 18:42:26,-40.584656,-65.00296,148.36,0.0,165,0,3.88, 1,2023-02-19 18:42:26
2023/02/19, 18:57:19,-40.584663,-65.002968,142.95,1044.0,45,0,1.03, 1,2023-02-19 18:57:19
2023/02/19, 19:13:01,-40.584713,-65.002983,146.47,252.0,195,0,5.7, 1,2023-02-19 19:13:01
2023/02/19, 19:28:18,-40.584606,-65.002968,157.35,1296.0,45,0,11.97, 1,2023-02-19 19:28:18
2023/02/19, 19:43:34,-40.584602,-65.002953,157.4,0.0,101,0,1.34, 1,2023-02-19 19:43:34
2023/02/19, 19:58:49,-40.584557,-65.002937,150.28,0.0,16,0,5.18, 1,2023-02-19 19:58:49
2023/02/19, 20:14:07,-40.584637,-65.002937,144.73,0.0,8,0,8.9, 1,2023-02-19 20:14:07
2023/02/19, 20:29:20,-40.584621,-65.002914,152.53,0.0,31,0,2.63, 1,2023-02-19 20:29:20
2023/02/19, 20:44:31,-40.584583,-65.00296,155.88,0.0,358,-4,5.74, 1,2023-02-19 20:44:31
2023/02/20, 01:02:33,-40.584644,-65.003021,148.13,576.0,319,-2,0.0, 1,2023-02-20 01:02:33
2023/02/20, 01:17:48,-40.584682,-65.003052,147.29,0.0,236,0,4.97, 1,2023-02-20 01:17:48
2023/02/20, 01:33:06,-40.584518,-65.002838,185.1,1440.0,200,0,25.67, 1,2023-02-20 01:33:06
2023/02/20, 01:48:19,-40.584778,-65.003044,131.76,828.0,153,-4,33.74, 1,2023-02-20 01:48:19
2023/02/20, 06:00:32,-40.584667,-65.002975,145.69,648.0,208,-2,0.0, 1,2023-02-20 06:00:32
2023/02/20, 06:15:40,-40.584694,-65.003006,137.65,0.0,206,0,3.98, 1,2023-02-20 06:15:40
2023/02/20, 06:30:48,-40.584698,-65.003006,137.1,0.0,199,0,0.44, 1,2023-02-20 06:30:48
2023/02/20, 06:45:56,-40.584606,-65.002937,156.83,0.0,195,0,11.77, 1,2023-02-20 06:45:56
2023/02/20, 07:01:07,-40.584526,-65.002869,162.16,0.0,217,0,10.59, 1,2023-02-20 07:01:07
2023/02/20, 07:16:16,-40.584579,-65.002907,156.07,0.0,38,0,6.71, 1,2023-02-20 07:16:16
2023/02/20, 07:31:24,-40.584621,-65.002899,134.25,0.0,91,0,4.72, 1,2023-02-20 07:31:24
2023/02/20, 07:46:33,-40.584648,-65.002991,152.16,4068.0,246,0,8.33, 1,2023-02-20 07:46:33
2023/02/20, 08:01:51,-40.584656,-65.002991,147.95,0.0,335,0,0.89, 1,2023-02-20 08:01:51
2023/02/20, 08:17:32,-40.584652,-65.002922,169.5,324.0,55,0,5.84, 1,2023-02-20 08:17:32
2023/02/20, 08:32:45,-40.584656,-65.003014,151.84,0.0,232,0,7.78, 1,2023-02-20 08:32:45
2023/02/20, 08:47:58,-40.584667,-65.003029,143.49,756.0,105,0,1.76, 1,2023-02-20 08:47:58
2023/02/20, 09:03:16,-40.584644,-65.002953,149.35,0.0,198,0,6.91, 1,2023-02-20 09:03:16
2023/02/20, 09:18:49,-40.584629,-65.002937,152.28,2268.0,212,0,2.15, 1,2023-02-20 09:18:49
2023/02/20, 09:34:23,-40.584641,-65.002975,155.35,468.0,311,0,3.48, 1,2023-02-20 09:34:23
2023/02/20, 09:49:57,-40.584621,-65.002953,157.37,144.0,44,0,2.9, 1,2023-02-20 09:49:57
2023/02/20, 10:07:18,-40.584633,-65.002945,157.74,828.0,3,0,1.5, 1,2023-02-20 10:07:18
2023/02/20, 10:25:29,-40.584599,-65.002899,160.49,360.0,60,0,5.42, 1,2023-02-20 10:25:29
2023/02/20, 10:46:50,-40.584667,-65.002968,157.58,1404.0,171,0,9.55, 1,2023-02-20 10:46:50
2023/02/20, 11:12:40,-40.584663,-65.002968,158.46,0.0,140,0,0.44, 1,2023-02-20 11:12:40
2023/02/20, 11:27:59,-40.584629,-65.002922,159.75,0.0,94,0,5.42, 1,2023-02-20 11:27:59
2023/02/20, 11:43:23,-40.584652,-65.002937,166.71,504.0,347,0,2.85, 1,2023-02-20 11:43:23
2023/02/20, 11:58:45,-40.584667,-65.002998,159.43,0.0,223,0,5.41, 1,2023-02-20 11:58:45
2023/02/20, 12:13:39,-40.584663,-65.00296,159.94,0.0,123,0,3.24, 1,2023-02-20 12:13:39
2023/02/20, 12:28:26,-40.584663,-65.003021,153.71,0.0,68,0,5.15, 1,2023-02-20 12:28:26
2023/02/20, 12:43:15,-40.584755,-65.003151,144.54,0.0,169,0,15.01, 1,2023-02-20 12:43:15
2023/02/20, 12:58:18,-40.584705,-65.003067,151.09,0.0,204,0,9.01, 1,2023-02-20 12:58:18
2023/02/20, 13:13:51,-40.584698,-65.003006,158.07,216.0,182,0,5.21, 1,2023-02-20 13:13:51
2023/02/20, 13:28:47,-40.584675,-65.002998,159.6,0.0,168,0,2.65, 1,2023-02-20 13:28:47
2023/02/20, 13:43:44,-40.584694,-65.003006,155.63,0.0,0,0,2.22, 1,2023-02-20 13:43:44
2023/02/20, 13:58:42,-40.584728,-65.002983,158.09,0.0,168,0,4.25, 1,2023-02-20 13:58:42
2023/02/20, 14:13:45,-40.584686,-65.002922,159.73,0.0,208,0,6.95, 1,2023-02-20 14:13:45
2023/02/20, 14:28:51,-40.584698,-65.002922,164.89,0.0,39,0,1.33, 1,2023-02-20 14:28:51
2023/02/20, 14:44:10,-40.58466,-65.002914,171.31,0.0,305,0,4.28, 1,2023-02-20 14:44:10
2023/02/20, 14:59:37,-40.584702,-65.002899,159.86,0.0,74,0,4.84, 1,2023-02-20 14:59:37
2023/02/20, 15:14:52,-40.584644,-65.003067,153.16,0.0,307,0,15.58, 1,2023-02-20 15:14:52
2023/02/20, 15:30:03,-40.584686,-65.002991,156.12,1944.0,62,0,7.94, 1,2023-02-20 15:30:03
2023/02/20, 15:45:32,-40.584663,-65.003014,153.37,0.0,78,0,3.21, 1,2023-02-20 15:45:32
2023/02/20, 16:03:22,-40.584682,-65.003006,151.61,0.0,172,0,2.22, 1,2023-02-20 16:03:22
2023/02/20, 16:18:28,-40.584652,-65.003029,158.72,0.0,148,0,3.86, 1,2023-02-20 16:18:28
2023/02/20, 16:33:34,-40.584682,-65.003021,154.42,0.0,145,0,3.4, 1,2023-02-20 16:33:34
2023/02/20, 16:48:40,-40.584641,-65.003014,166.34,0.0,160,0,4.6, 1,2023-02-20 16:48:40
2023/02/20, 17:03:49,-40.584705,-65.00296,161.5,0.0,354,0,8.45, 1,2023-02-20 17:03:49
2023/02/20, 17:19:21,-40.584675,-65.002945,155.76,0.0,209,0,3.57, 1,2023-02-20 17:19:21
2023/02/20, 17:35:22,-40.584675,-65.002998,127.3,0.0,194,0,4.48, 1,2023-02-20 17:35:22
2023/02/20, 17:50:21,-40.58474,-65.003159,111.71,0.0,211,0,15.4, 1,2023-02-20 17:50:21
2023/02/20, 18:05:22,-40.584679,-65.002983,149.99,0.0,72,0,16.34, 1,2023-02-20 18:05:22
2023/02/20, 18:20:17,-40.584705,-65.003044,139.87,0.0,56,0,5.91, 1,2023-02-20 18:20:17
2023/02/20, 18:35:13,-40.584713,-65.003044,147.8,0.0,220,0,0.89, 1,2023-02-20 18:35:13
2023/02/20, 18:50:06,-40.584667,-65.002884,158.28,0.0,190,0,14.45, 1,2023-02-20 18:50:06
2023/02/20, 19:05:32,-40.58466,-65.00293,156.49,792.0,40,0,3.96, 1,2023-02-20 19:05:32
2023/02/20, 19:22:14,-40.584698,-65.002945,157.49,612.0,197,0,4.41, 1,2023-02-20 19:22:14
2023/02/20, 19:37:27,-40.584766,-65.003021,142.23,5112.0,189,0,9.92, 1,2023-02-20 19:37:27
2023/02/20, 19:52:32,-40.584698,-65.002945,157.08,3276.0,218,0,9.92, 1,2023-02-20 19:52:32
2023/02/20, 20:08:10,-40.584679,-65.002945,146.57,1440.0,204,0,2.11, 1,2023-02-20 20:08:10
2023/02/20, 20:23:34,-40.584656,-65.00293,148.13,1260.0,238,0,2.85, 1,2023-02-20 20:23:34
2023/02/20, 20:39:47,-40.58469,-65.002914,158.41,0.0,57,0,4.01, 1,2023-02-20 20:39:47
2023/02/20, 20:54:47,-40.584675,-65.002983,128.75,0.0,190,-4,6.06, 1,2023-02-20 20:54:47
2023/02/21, 01:02:02,-40.584675,-65.002983,156.69,684.0,320,-2,0.0, 1,2023-02-21 01:02:02
2023/02/21, 01:17:08,-40.584671,-65.002968,157.81,288.0,271,0,1.34, 1,2023-02-21 01:17:08
2023/02/21, 01:32:14,-40.584652,-65.002968,155.92,0.0,194,0,2.11, 1,2023-02-21 01:32:14
2023/02/21, 01:47:23,-40.584633,-65.002983,145.18,0.0,190,-4,2.46, 1,2023-02-21 01:47:23
2023/02/21, 06:02:32,-40.584652,-65.003006,143.77,180.0,325,-2,0.0, 1,2023-02-21 06:02:32
2023/02/21, 06:17:47,-40.584652,-65.002953,150.81,0.0,178,0,4.48, 1,2023-02-21 06:17:47
2023/02/21, 06:33:02,-40.58469,-65.002991,145.71,0.0,174,0,5.31, 1,2023-02-21 06:33:02
2023/02/21, 06:48:15,-40.584492,-65.002823,162.96,504.0,211,0,26.19, 1,2023-02-21 06:48:15
2023/02/21, 07:03:48,-40.584301,-65.002586,168.14,0.0,243,0,29.18, 1,2023-02-21 07:03:48
2023/02/21, 07:19:02,-40.58466,-65.002922,138.2,396.0,39,0,48.98, 1,2023-02-21 07:19:02
2023/02/21, 07:34:25,-40.58485,-65.003197,148.21,3420.0,221,0,31.4, 1,2023-02-21 07:34:25
2023/02/21, 07:50:01,-40.584656,-65.00296,145.04,972.0,228,0,29.43, 1,2023-02-21 07:50:01
2023/02/21, 08:07:12,-40.584652,-65.002998,146.35,648.0,181,0,3.24, 1,2023-02-21 08:07:12
2023/02/21, 08:22:26,-40.584686,-65.003036,155.41,0.0,222,0,4.96, 1,2023-02-21 08:22:26
2023/02/21, 08:37:42,-40.584641,-65.002991,154.54,0.0,245,0,6.28, 1,2023-02-21 08:37:42
2023/02/21, 08:52:58,-40.584663,-65.003036,156.14,1152.0,223,0,4.52, 1,2023-02-21 08:52:58
2023/02/21, 09:08:19,-40.584648,-65.003029,151.1,0.0,70,0,1.77, 1,2023-02-21 09:08:19
2023/02/21, 09:24:02,-40.584629,-65.00296,154.26,0.0,247,0,6.2, 1,2023-02-21 09:24:02
2023/02/21, 09:39:22,-40.584644,-65.002991,157.26,972.0,136,0,3.1, 1,2023-02-21 09:39:22
2023/02/21, 09:54:44,-40.584583,-65.002937,152.97,0.0,209,0,8.17, 1,2023-02-21 09:54:44
2023/02/21, 10:09:55,-40.584637,-65.002991,160.87,0.0,26,0,7.54, 1,2023-02-21 10:09:55
2023/02/21, 10:25:01,-40.584751,-65.003128,146.13,2772.0,40,0,17.16, 1,2023-02-21 10:25:01
2023/02/21, 10:40:32,-40.584637,-65.002975,161.21,720.0,336,0,18.1, 1,2023-02-21 10:40:32
2023/02/21, 10:55:55,-40.584667,-65.002968,158.33,0.0,270,0,3.39, 1,2023-02-21 10:55:55
2023/02/21, 11:10:52,-40.584618,-65.002975,159.03,468.0,302,0,5.48, 1,2023-02-21 11:10:52
2023/02/21, 11:25:37,-40.584618,-65.00296,142.99,0.0,180,0,1.27, 1,2023-02-21 11:25:37
2023/02/21, 11:40:24,-40.584675,-65.002953,176.22,0.0,130,0,6.37, 1,2023-02-21 11:40:24
2023/02/21, 11:55:10,-40.584679,-65.002991,160.02,324.0,219,0,3.24, 1,2023-02-21 11:55:10
2023/02/21, 12:10:24,-40.584671,-65.002953,169.77,0.0,52,0,3.33, 1,2023-02-21 12:10:24
2023/02/21, 12:25:45,-40.584675,-65.002922,168.84,0.0,267,0,2.66, 1,2023-02-21 12:25:45
2023/02/21, 12:41:09,-40.584579,-65.002708,192.63,0.0,63,0,20.99, 1,2023-02-21 12:41:09
2023/02/21, 12:56:50,-40.584549,-65.002701,184.85,0.0,8,0,3.39, 1,2023-02-21 12:56:50
2023/02/21, 13:12:32,-40.584679,-65.002968,146.79,36.0,15,0,26.78, 1,2023-02-21 13:12:32
2023/02/21, 13:28:35,-40.58469,-65.002983,153.43,0.0,0,0,1.76, 1,2023-02-21 13:28:35
2023/02/21, 13:43:39,-40.584679,-65.002968,151.31,0.0,234,0,1.76, 1,2023-02-21 13:43:39
2023/02/21, 13:58:44,-40.584675,-65.00293,153.92,0.0,221,0,3.24, 1,2023-02-21 13:58:44
2023/02/21, 14:13:50,-40.584663,-65.002892,159.28,144.0,272,0,3.48, 1,2023-02-21 14:13:50
2023/02/21, 14:28:54,-40.584755,-65.002838,172.81,0.0,77,0,11.2, 1,2023-02-21 14:28:54
2023/02/21, 14:43:59,-40.584736,-65.002937,152.04,0.0,278,0,8.62, 1,2023-02-21 14:43:59
2023/02/21, 14:59:01,-40.584732,-65.002953,148.51,0.0,73,0,1.42, 1,2023-02-21 14:59:01
2023/02/21, 15:14:06,-40.584755,-65.003014,154.01,576.0,329,0,5.75, 1,2023-02-21 15:14:06
2023/02/21, 15:29:14,-40.584625,-65.002533,181.58,0.0,82,0,43.11, 1,2023-02-21 15:29:14
2023/02/21, 15:44:32,-40.584709,-65.00309,148.85,0.0,8,0,47.96, 1,2023-02-21 15:44:32
2023/02/21, 16:00:24,-40.584724,-65.002899,154.23,0.0,0,0,16.22, 1,2023-02-21 16:00:24
2023/02/21, 16:15:31,-40.584709,-65.002884,150.68,0.0,140,0,2.09, 1,2023-02-21 16:15:31
2023/02/21, 16:30:37,-40.584671,-65.002907,154.93,0.0,148,0,4.65, 1,2023-02-21 16:30:37
2023/02/21, 16:45:45,-40.584694,-65.002892,143.97,0.0,9,0,2.85, 1,2023-02-21 16:45:45
2023/02/21, 17:00:53,-40.584606,-65.002945,163.5,0.0,27,0,10.76, 1,2023-02-21 17:00:53
2023/02/21, 17:16:20,-40.584606,-65.002853,167.12,972.0,315,0,7.77, 1,2023-02-21 17:16:20
2023/02/21, 17:31:20,-40.584656,-65.002968,153.3,0.0,149,0,11.19, 1,2023-02-21 17:31:20
2023/02/21, 17:46:22,-40.584721,-65.003044,139.83,0.0,237,0,9.67, 1,2023-02-21 17:46:22
2023/02/21, 18:01:28,-40.584564,-65.002708,175.31,0.0,67,0,33.31, 1,2023-02-21 18:01:28
2023/02/21, 18:16:37,-40.584492,-65.00267,177.08,0.0,201,0,8.63, 1,2023-02-21 18:16:37
2023/02/21, 18:31:38,-40.58461,-65.002953,147.36,1512.0,233,0,27.26, 1,2023-02-21 18:31:38
2023/02/21, 18:46:53,-40.584682,-65.003006,143.64,0.0,254,0,9.17, 1,2023-02-21 18:46:53
2023/02/21, 19:04:03,-40.584694,-65.002983,150.38,2556.0,209,0,2.36, 1,2023-02-21 19:04:03
2023/02/21, 19:23:47,-40.584766,-65.002983,140.4,2052.0,227,0,8.01, 1,2023-02-21 19:23:47
2023/02/21, 19:38:57,-40.584839,-65.003067,123.47,0.0,214,0,10.78, 1,2023-02-21 19:38:57
2023/02/21, 19:54:19,-40.584682,-65.003021,135.97,216.0,198,0,17.88, 1,2023-02-21 19:54:19
2023/02/21, 20:12:32,-40.584663,-65.00296,153.7,288.0,104,0,5.57, 1,2023-02-21 20:12:32
2023/02/21, 20:32:08,-40.58466,-65.002953,155.53,0.0,220,0,0.68, 1,2023-02-21 20:32:08
2023/02/21, 20:47:02,-40.584671,-65.002937,150.59,504.0,321,-4,1.82, 1,2023-02-21 20:47:02
2023/02/22, 01:02:02,-40.584629,-65.002975,161.89,504.0,13,-2,0.0, 1,2023-02-22 01:02:02
2023/02/22, 01:16:49,-40.584629,-65.002953,152.46,1548.0,348,0,1.86, 1,2023-02-22 01:16:49
2023/02/22, 01:31:37,-40.584644,-65.002968,149.5,0.0,10,0,2.09, 1,2023-02-22 01:31:37
2023/02/22, 01:46:33,-40.584702,-65.003075,130.22,3168.0,206,-4,11.1, 1,2023-02-22 01:46:33
2023/02/22, 06:00:32,-40.584713,-65.003059,139.65,396.0,68,-2,0.0, 1,2023-02-22 06:00:32
2023/02/22, 06:15:37,-40.584751,-65.00309,130.28,0.0,168,0,4.97, 1,2023-02-22 06:15:37
2023/02/22, 06:30:41,-40.584644,-65.002953,149.49,0.0,168,0,16.6, 1,2023-02-22 06:30:41
2023/02/22, 06:45:44,-40.584595,-65.002907,153.48,0.0,256,0,6.69, 1,2023-02-22 06:45:44
2023/02/22, 07:00:53,-40.584656,-65.002991,150.78,0.0,38,0,9.81, 1,2023-02-22 07:00:53
2023/02/22, 07:16:04,-40.584621,-65.003105,159.38,0.0,53,0,10.38, 1,2023-02-22 07:16:04
2023/02/22, 07:31:12,-40.584679,-65.003044,152.87,0.0,203,0,8.25, 1,2023-02-22 07:31:12
2023/02/22, 07:46:48,-40.584671,-65.002983,158.22,396.0,315,0,5.23, 1,2023-02-22 07:46:48
2023/02/22, 08:02:00,-40.58466,-65.002983,162.54,1260.0,211,0,1.22, 1,2023-02-22 08:02:00
2023/02/22, 08:17:07,-40.584724,-65.002991,167.7,576.0,192,0,7.15, 1,2023-02-22 08:17:07
2023/02/22, 08:32:15,-40.584652,-65.002998,157.07,0.0,175,0,8.03, 1,2023-02-22 08:32:15
2023/02/22, 08:47:24,-40.584652,-65.002907,165.59,576.0,36,0,7.68, 1,2023-02-22 08:47:24
2023/02/22, 09:02:38,-40.584641,-65.002983,163.31,432.0,24,0,6.53, 1,2023-02-22 09:02:38
2023/02/22, 09:17:49,-40.584656,-65.002968,154.33,0.0,264,0,2.09, 1,2023-02-22 09:17:49
2023/02/22, 09:33:00,-40.584686,-65.002968,154.32,0.0,119,0,3.34, 1,2023-02-22 09:33:00
2023/02/22, 09:48:12,-40.584641,-65.002975,154.32,0.0,113,0,5.04, 1,2023-02-22 09:48:12
2023/02/22, 10:03:30,-40.584648,-65.002945,154.48,0.0,0,0,2.65, 1,2023-02-22 10:03:30
2023/02/22, 10:18:46,-40.584663,-65.003036,153.06,0.0,37,0,7.86, 1,2023-02-22 10:18:46
2023/02/22, 10:34:18,-40.584618,-65.00293,158.98,0.0,0,0,10.25, 1,2023-02-22 10:34:18
2023/02/22, 10:50:04,-40.584709,-65.00312,153.0,0.0,270,0,18.97, 1,2023-02-22 10:50:04
2023/02/22, 11:06:02,-40.584698,-65.003105,153.14,180.0,285,0,1.76, 1,2023-02-22 11:06:02
2023/02/22, 11:21:03,-40.58474,-65.00309,164.01,0.0,269,0,4.84, 1,2023-02-22 11:21:03
2023/02/22, 11:36:03,-40.584721,-65.003113,161.69,0.0,0,0,2.87, 1,2023-02-22 11:36:03
2023/02/22, 11:50:58,-40.584698,-65.003082,150.55,0.0,355,0,3.66, 1,2023-02-22 11:50:58
2023/02/22, 12:05:58,-40.584705,-65.00309,154.88,324.0,0,0,1.03, 1,2023-02-22 12:05:58
2023/02/22, 12:20:57,-40.584736,-65.00312,158.5,0.0,305,0,4.28, 1,2023-02-22 12:20:57
2023/02/22, 12:35:54,-40.584709,-65.003036,161.78,0.0,352,0,7.7, 1,2023-02-22 12:35:54
2023/02/22, 12:51:05,-40.584824,-65.003365,127.71,3528.0,243,0,30.58, 1,2023-02-22 12:51:05
2023/02/22, 13:06:31,-40.584782,-65.003098,147.03,216.0,172,0,23.03, 1,2023-02-22 13:06:31
2023/02/22, 13:21:27,-40.584721,-65.003082,148.56,0.0,53,0,6.92, 1,2023-02-22 13:21:27
2023/02/22, 13:36:24,-40.584732,-65.003075,152.7,0.0,113,0,1.36, 1,2023-02-22 13:36:24
2023/02/22, 13:51:25,-40.58474,-65.003075,152.14,0.0,341,0,0.89, 1,2023-02-22 13:51:25
2023/02/22, 14:06:35,-40.584751,-65.003059,156.06,0.0,5,0,1.82, 1,2023-02-22 14:06:35
2023/02/22, 14:21:44,-40.584755,-65.003067,155.31,0.0,0,0,0.81, 1,2023-02-22 14:21:44
2023/02/22, 14:37:05,-40.584766,-65.003006,159.34,0.0,37,0,5.29, 1,2023-02-22 14:37:05
2023/02/22, 14:52:25,-40.584759,-65.002892,184.06,0.0,303,0,9.66, 1,2023-02-22 14:52:25
2023/02/22, 15:07:45,-40.584766,-65.002975,169.94,0.0,280,0,7.05, 1,2023-02-22 15:07:45
2023/02/22, 15:22:58,-40.584827,-65.003326,148.24,0.0,247,0,30.41, 1,2023-02-22 15:22:58
2023/02/22, 15:38:05,-40.58477,-65.003403,137.47,0.0,5,0,9.08, 1,2023-02-22 15:38:05
2023/02/22, 15:53:09,-40.584774,-65.003166,151.07,0.0,46,0,20.02, 1,2023-02-22 15:53:09
2023/02/22, 16:08:33,-40.584747,-65.00309,154.02,720.0,31,0,7.09, 1,2023-02-22 16:08:33
2023/02/22, 16:27:18,-40.584793,-65.003082,163.43,216.0,33,0,5.16, 1,2023-02-22 16:27:18
2023/02/22, 16:42:18,-40.584774,-65.003113,154.43,828.0,243,0,3.36, 1,2023-02-22 16:42:18
2023/02/22, 16:57:19,-40.584747,-65.00309,146.13,0.0,151,0,3.58, 1,2023-02-22 16:57:19
2023/02/22, 17:12:37,-40.584679,-65.003136,141.16,252.0,96,0,8.5, 1,2023-02-22 17:12:37
2023/02/22, 17:27:52,-40.584694,-65.003143,146.77,108.0,106,0,1.77, 1,2023-02-22 17:27:52
2023/02/22, 17:44:11,-40.584728,-65.003128,154.28,900.0,74,0,3.99, 1,2023-02-22 17:44:11
2023/02/22, 18:03:19,-40.584732,-65.003159,149.98,1260.0,36,0,2.66, 1,2023-02-22 18:03:19
2023/02/22, 18:25:20,-40.584694,-65.003105,149.78,324.0,19,0,6.22, 1,2023-02-22 18:25:20
2023/02/22, 18:49:35,-40.584721,-65.003105,151.79,1116.0,237,0,3.0, 1,2023-02-22 18:49:35
2023/02/22, 19:04:36,-40.584637,-65.003075,146.26,0.0,210,0,9.68, 1,2023-02-22 19:04:36
2023/02/22, 19:19:33,-40.584686,-65.003044,149.68,0.0,205,0,6.04, 1,2023-02-22 19:19:33
2023/02/22, 19:34:28,-40.58469,-65.003098,152.1,0.0,199,0,4.58, 1,2023-02-22 19:34:28
2023/02/22, 19:49:48,-40.584679,-65.003105,148.59,972.0,174,0,1.36, 1,2023-02-22 19:49:48
2023/02/22, 20:06:57,-40.584564,-65.003029,195.93,144.0,163,0,14.31, 1,2023-02-22 20:06:57
2023/02/22, 20:26:51,-40.584572,-65.003006,149.91,396.0,220,0,2.14, 1,2023-02-22 20:26:51
2023/02/22, 20:47:34,-40.584686,-65.003075,161.75,504.0,19,-4,13.95, 1,2023-02-22 20:47:34
2023/02/23, 01:02:04,-40.584724,-65.003113,151.59,468.0,175,-2,0.0, 1,2023-02-23 01:02:04
2023/02/23, 01:17:18,-40.584743,-65.003159,154.91,612.0,133,0,4.42, 1,2023-02-23 01:17:18
2023/02/23, 01:32:29,-40.584667,-65.003014,157.92,432.0,72,0,14.88, 1,2023-02-23 01:32:29
2023/02/23, 01:47:40,-40.584682,-65.003113,149.78,0.0,24,-4,8.52, 1,2023-02-23 01:47:40
2023/02/23, 06:02:03,-40.584671,-65.003098,146.19,252.0,203,-2,0.0, 1,2023-02-23 06:02:03
2023/02/23, 06:17:04,-40.584679,-65.00309,149.34,0.0,347,0,1.12, 1,2023-02-23 06:17:04
2023/02/23, 06:32:05,-40.58456,-65.003006,149.17,0.0,27,0,15.01, 1,2023-02-23 06:32:05
2023/02/23, 06:47:07,-40.584705,-65.003128,152.46,0.0,24,0,19.13, 1,2023-02-23 06:47:07
2023/02/23, 07:02:10,-40.584679,-65.003113,152.22,252.0,92,0,3.16, 1,2023-02-23 07:02:10
2023/02/23, 07:17:00,-40.584675,-65.003113,153.72,1584.0,45,0,0.44, 1,2023-02-23 07:17:00
2023/02/23, 07:31:51,-40.584724,-65.003166,156.28,0.0,21,0,7.05, 1,2023-02-23 07:31:51
2023/02/23, 07:46:42,-40.584679,-65.003136,157.0,0.0,111,0,5.61, 1,2023-02-23 07:46:42
2023/02/23, 08:02:01,-40.584671,-65.003136,146.85,144.0,168,0,0.89, 1,2023-02-23 08:02:01
2023/02/23, 08:17:05,-40.584709,-65.00322,144.55,0.0,262,0,8.26, 1,2023-02-23 08:17:05
2023/02/23, 08:32:07,-40.584717,-65.00312,152.87,0.0,117,0,8.49, 1,2023-02-23 08:32:07
2023/02/23, 08:47:11,-40.584656,-65.003029,158.78,0.0,5,0,10.25, 1,2023-02-23 08:47:11
2023/02/23, 09:02:50,-40.584682,-65.00309,154.77,468.0,225,0,5.91, 1,2023-02-23 09:02:50
2023/02/23, 09:17:56,-40.584705,-65.003166,143.12,0.0,218,0,6.91, 1,2023-02-23 09:17:56
2023/02/23, 09:33:03,-40.584759,-65.003204,154.48,0.0,83,0,6.81, 1,2023-02-23 09:33:03
2023/02/23, 09:48:10,-40.584717,-65.003143,152.87,0.0,344,0,6.95, 1,2023-02-23 09:48:10
2023/02/23, 10:03:48,-40.584827,-65.003212,151.11,1188.0,218,0,13.55, 1,2023-02-23 10:03:48
2023/02/23, 10:18:45,-40.584694,-65.003044,163.55,0.0,333,0,20.49, 1,2023-02-23 10:18:45
2023/02/23, 10:33:42,-40.584713,-65.003159,147.18,0.0,34,0,9.94, 1,2023-02-23 10:33:42
2023/02/23, 10:48:55,-40.584843,-65.003319,150.86,0.0,230,0,19.79, 1,2023-02-23 10:48:55
2023/02/23, 11:04:31,-40.584732,-65.003067,154.0,648.0,280,0,24.6, 1,2023-02-23 11:04:31
2023/02/23, 11:23:14,-40.584682,-65.003036,144.64,1224.0,155,0,6.15, 1,2023-02-23 11:23:14
2023/02/23, 11:38:15,-40.584675,-65.003059,142.58,0.0,334,0,2.09, 1,2023-02-23 11:38:15
2023/02/23, 11:53:17,-40.584682,-65.003098,162.97,0.0,0,0,3.38, 1,2023-02-23 11:53:17
2023/02/23, 12:08:30,-40.584702,-65.003082,154.97,0.0,0,0,2.6, 1,2023-02-23 12:08:30
2023/02/23, 12:23:58,-40.584702,-65.002998,146.71,0.0,221,0,7.09, 1,2023-02-23 12:23:58
2023/02/23, 12:39:39,-40.584694,-65.003105,153.25,0.0,48,0,9.08, 1,2023-02-23 12:39:39
2023/02/23, 12:55:34,-40.584679,-65.003036,150.1,0.0,0,0,6.06, 1,2023-02-23 12:55:34
2023/02/23, 13:10:58,-40.584637,-65.003075,150.59,0.0,86,0,5.71, 1,2023-02-23 13:10:58
