lat;lon;date;timeGMT;tempIMU;metodologia;sexo;tempmax(C);tempmin(C);tempmed(C);TemprocÃ­omediadiaria(C);Humedadrelativadiaria(%);vientodir;viento(km/h)vel;Presionsobreniveldelmar(Hp);Prec(mm);NubesTotOct;NubbajOct;Vis(km)
-40.584302;-64.996016;10/1/2021;1319;29.45;tortugómetros;hembra;35;16.1;25.6;0;15.1;NW;27.9;1003.5;0;3;0;30
-40.584325;-64.996024;10/1/2021;1328;33.38;tortugómetros;hembra;35;16.1;25.6;0;15.1;NW;27.9;1003.5;0;3;0;30
-40.584282;-64.996071;10/1/2021;1338;43.44;tortugómetros;hembra;35;16.1;25.6;0;15.1;NW;27.9;1003.5;0;3;0;30
-40.58425;-64.996373;10/1/2021;1348;45;tortugómetros;hembra;35;16.1;25.6;0;15.1;NW;27.9;1003.5;0;3;0;30
-40.584221;-64.99641;10/1/2021;1358;46.87;tortugómetros;hembra;35;16.1;25.6;0;15.1;NW;27.9;1003.5;0;3;0;30
-40.584217;-64.99641;10/1/2021;1408;43.99;tortugómetros;hembra;35;16.1;25.6;-0.2;14.8;NW;29.9;1003.5;0;3.2;0;30
-40.584226;-64.996392;10/1/2021;1418;44.39;tortugómetros;hembra;35;16.1;25.6;-0.2;14.8;NW;29.9;1003.5;0;3.2;0;30
-40.584216;-64.996415;10/1/2021;1428;46.74;tortugómetros;hembra;35;16.1;25.6;-0.2;14.8;NW;29.9;1003.5;0;3.2;0;30
-40.584142;-64.99644;10/1/2021;1438;47.51;tortugómetros;hembra;35;16.1;25.6;-0.2;14.8;NW;29.9;1003.5;0;3.2;0;30
-40.58419;-64.996453;10/1/2021;1448;45.23;tortugómetros;hembra;35;16.1;25.6;-0.2;14.8;NW;29.9;1003.5;0;3.2;0;30
-40.584193;-64.996451;10/1/2021;1458;39.65;tortugómetros;hembra;35;16.1;25.6;-0.2;14.8;NW;29.9;1003.5;0;3.2;0;30
-40.584145;-64.996439;10/1/2021;1508;39.09;tortugómetros;hembra;35;16.1;25.6;-0.2;14.9;NW;32.1;1003.5;0;3.5;0;30
-40.584325;-64.996528;10/1/2021;1517;37.97;tortugómetros;hembra;35;16.1;25.6;-0.2;14.9;NW;32.1;1003.5;0;3.5;0;30
-40.583822;-64.996381;10/1/2021;1527;38.54;tortugómetros;hembra;35;16.1;25.6;-0.2;14.9;NW;32.1;1003.5;0;3.5;0;30
-40.583011;-64.996293;10/1/2021;1537;37.39;tortugómetros;hembra;35;16.1;25.6;-0.2;14.9;NW;32.1;1003.5;0;3.5;0;30
-40.582932;-64.996123;10/1/2021;1547;36.37;tortugómetros;hembra;35;16.1;25.6;-0.2;14.9;NW;32.1;1003.5;0;3.5;0;30
-40.582984;-64.996263;10/1/2021;1557;37.75;tortugómetros;hembra;35;16.1;25.6;-0.2;14.9;NW;32.1;1003.5;0;3.5;0;30
-40.582267;-64.997366;10/1/2021;1607;37.97;tortugómetros;hembra;35;16.1;25.6;-0.2;14.9;NW;32.8;1003.5;0;3.6;0;30
-40.582966;-64.997072;10/1/2021;1617;37.67;tortugómetros;hembra;35;16.1;25.6;-0.2;14.9;NW;32.8;1003.5;0;3.6;0;30
-40.582998;-64.996881;10/1/2021;1627;37.1;tortugómetros;hembra;35;16.1;25.6;-0.2;14.9;NW;32.8;1003.5;0;3.6;0;30
-40.583192;-64.996689;10/1/2021;1636;38.67;tortugómetros;hembra;35;16.1;25.6;-0.2;14.9;NW;32.8;1003.5;0;3.6;0;30
-40.583427;-64.996489;10/1/2021;1646;40.22;tortugómetros;hembra;35;16.1;25.6;-0.2;14.9;NW;32.8;1003.5;0;3.6;0;30
-40.583461;-64.996297;10/1/2021;1656;42.45;tortugómetros;hembra;35;16.1;25.6;-0.2;14.9;NW;32.8;1003.5;0;3.6;0;30
-40.583345;-64.996287;10/1/2021;1706;41.33;tortugómetros;hembra;35;16.1;25.6;-0.5;14.9;NW;33.5;1003.5;0;3.7;0.1;30
-40.583466;-64.996046;10/1/2021;1716;40.5;tortugómetros;hembra;35;16.1;25.6;-0.5;14.9;NW;33.5;1003.5;0;3.7;0.1;30
-40.584697;-64.995867;10/1/2021;1726;38.22;tortugómetros;hembra;35;16.1;25.6;-0.5;14.9;NW;33.5;1003.5;0;3.7;0.1;30
-40.584886;-64.995757;10/1/2021;1736;38.4;tortugómetros;hembra;35;16.1;25.6;-0.5;14.9;NW;33.5;1003.5;0;3.7;0.1;30
-40.585186;-64.995651;10/1/2021;1746;38.43;tortugómetros;hembra;35;16.1;25.6;-0.5;14.9;NW;33.5;1003.5;0;3.7;0.1;30
-40.586101;-64.995624;10/1/2021;1756;37.79;tortugómetros;hembra;35;16.1;25.6;-0.5;14.9;NW;33.5;1003.5;0;3.7;0.1;30
-40.584135;-64.996386;10/1/2021;1806;37.5;tortugómetros;hembra;35;16.1;25.6;-0.8;14.6;NW;33.9;1003.5;0;3.8;0.2;30
-40.584131;-64.996372;10/1/2021;1815;38.16;tortugómetros;hembra;35;16.1;25.6;-0.8;14.6;NW;33.9;1003.5;0;3.8;0.2;30
-40.584112;-64.996393;10/1/2021;1825;38.59;tortugómetros;hembra;35;16.1;25.6;-0.8;14.6;NW;33.9;1003.5;0;3.8;0.2;30
-40.584114;-64.996389;10/1/2021;1835;39.11;tortugómetros;hembra;35;16.1;25.6;-0.8;14.6;NW;33.9;1003.5;0;3.8;0.2;30
-40.584145;-64.996402;10/1/2021;1845;39.63;tortugómetros;hembra;35;16.1;25.6;-0.8;14.6;NW;33.9;1003.5;0;3.8;0.2;30
-40.584136;-64.996371;10/1/2021;1855;39.2;tortugómetros;hembra;35;16.1;25.6;-0.8;14.6;NW;33.9;1003.5;0;3.8;0.2;30
-40.58414;-64.996416;10/1/2021;1905;38.09;tortugómetros;hembra;35;16.1;25.6;-0.9;14.5;WNW;34.4;1003.5;0;3.8;0.4;30
-40.58412;-64.996412;10/1/2021;1915;37.47;tortugómetros;hembra;35;16.1;25.6;-0.9;14.5;WNW;34.4;1003.5;0;3.8;0.4;30
-40.584106;-64.996431;10/1/2021;1925;36.76;tortugómetros;hembra;35;16.1;25.6;-0.9;14.5;WNW;34.4;1003.5;0;3.8;0.4;30
-40.584131;-64.996394;10/1/2021;1935;37.39;tortugómetros;hembra;35;16.1;25.6;-0.9;14.5;WNW;34.4;1003.5;0;3.8;0.4;30
-40.584141;-64.996462;10/1/2021;1944;37.05;tortugómetros;hembra;35;16.1;25.6;-0.9;14.5;WNW;34.4;1003.5;0;3.8;0.4;30
-40.584157;-64.99647;10/1/2021;1954;36.54;tortugómetros;hembra;35;16.1;25.6;-0.9;14.5;WNW;34.4;1003.5;0;3.8;0.4;30
-40.58414;-64.996256;10/1/2021;2004;37.43;tortugómetros;hembra;35;16.1;25.6;-0.9;14.6;WNW;35.4;1003.5;0;3.9;0.5;30
-40.584156;-64.996183;10/1/2021;2014;37.93;tortugómetros;hembra;35;16.1;25.6;-0.9;14.6;WNW;35.4;1003.5;0;3.9;0.5;30
-40.584146;-64.996277;10/1/2021;2024;37.59;tortugómetros;hembra;35;16.1;25.6;-0.9;14.6;WNW;35.4;1003.5;0;3.9;0.5;30
-40.584194;-64.996305;10/1/2021;2034;39.52;tortugómetros;hembra;35;16.1;25.6;-0.9;14.6;WNW;35.4;1003.5;0;3.9;0.5;30
-40.584176;-64.996495;10/1/2021;2044;39.62;tortugómetros;hembra;35;16.1;25.6;-0.9;14.6;WNW;35.4;1003.5;0;3.9;0.5;30
-40.584212;-64.9964;10/1/2021;2054;40.66;tortugómetros;hembra;35;16.1;25.6;-0.9;14.6;WNW;35.4;1003.5;0;3.9;0.5;30
-40.584204;-64.996545;10/1/2021;2103;39.13;tortugómetros;hembra;35;16.1;25.6;-0.8;14.8;WNW;36.2;1003.5;0;4;0.7;30
-40.584117;-64.996456;10/1/2021;2113;37.24;tortugómetros;hembra;35;16.1;25.6;-0.8;14.8;WNW;36.2;1003.5;0;4;0.7;30
-40.584155;-64.99639;10/1/2021;2123;39.85;tortugómetros;hembra;35;16.1;25.6;-0.8;14.8;WNW;36.2;1003.5;0;4;0.7;30
-40.584166;-64.996273;10/1/2021;2133;40;tortugómetros;hembra;35;16.1;25.6;-0.8;14.8;WNW;36.2;1003.5;0;4;0.7;30
-40.584214;-64.996125;10/1/2021;2143;41.44;tortugómetros;hembra;35;16.1;25.6;-0.8;14.8;WNW;36.2;1003.5;0;4;0.7;30
-40.584252;-64.996152;10/1/2021;2153;40.03;tortugómetros;hembra;35;16.1;25.6;-0.8;14.8;WNW;36.2;1003.5;0;4;0.7;30
-40.584172;-64.996272;10/1/2021;2203;38.24;tortugómetros;hembra;33.3;16.1;23.5;-0.5;15.3;WNW;36.8;1003.5;0;4;0.8;30
-40.584212;-64.996315;10/1/2021;2213;37.06;tortugómetros;hembra;33.3;16.1;23.5;-0.5;15.3;WNW;36.8;1003.5;0;4;0.8;30
-40.584223;-64.996275;10/1/2021;2223;36.3;tortugómetros;hembra;33.3;16.1;23.5;-0.5;15.3;WNW;36.8;1003.5;0;4;0.8;30
-40.584206;-64.996314;10/1/2021;2232;34.34;tortugómetros;hembra;33.3;16.1;23.5;-0.5;15.3;WNW;36.8;1003.5;0;4;0.8;30
-40.584226;-64.996319;10/1/2021;2242;34.72;tortugómetros;hembra;33.3;16.1;23.5;-0.5;15.3;WNW;36.8;1003.5;0;4;0.8;30
-40.584212;-64.996362;10/1/2021;2252;34.45;tortugómetros;hembra;33.3;16.1;23.5;-0.5;15.3;WNW;36.8;1003.5;0;4;0.8;30
-40.584218;-64.996315;10/1/2021;2302;34.04;tortugómetros;hembra;32.3;16.1;23.5;0.1;16.1;WNW;37.5;1003.5;0;4;1;30
-40.584217;-64.996334;10/1/2021;2312;33.53;tortugómetros;hembra;32.3;16.1;23.5;0.1;16.1;WNW;37.5;1003.5;0;4;1;30
-40.584231;-64.996337;10/1/2021;2322;33.09;tortugómetros;hembra;32.3;16.1;23.5;0.1;16.1;WNW;37.5;1003.5;0;4;1;30
-40.584251;-64.996553;11/1/2021;1130;23.5;tortugómetros;hembra;33;20.5;26.8;0.6;17.4;WNW;37.5;1005.2;*;3.9;1.1;30
-40.5843;-64.996595;11/1/2021;1140;22.65;tortugómetros;hembra;33;20.5;26.8;0.6;17.4;WNW;37.5;1005.2;*;3.9;1.1;30
-40.584201;-64.996342;11/1/2021;1150;22.65;tortugómetros;hembra;33;20.5;26.8;0.6;17.4;WNW;37.5;1005.2;*;3.9;1.1;30
-40.584167;-64.99625;11/1/2021;1200;22.49;tortugómetros;hembra;33;14;23.5;0.8;18.5;WNW;37.5;1007.3;0;3.8;1.5;30
-40.584199;-64.996403;11/1/2021;1209;22.82;tortugómetros;hembra;33;14;23.5;0.8;18.5;WNW;37.5;1007.3;0;3.8;1.5;30
-40.584165;-64.996348;11/1/2021;1219;22.69;tortugómetros;hembra;33;14;23.5;0.8;18.5;WNW;37.5;1007.3;0;3.8;1.5;30
-40.584132;-64.996206;11/1/2021;1229;22.64;tortugómetros;hembra;33;14;23.5;0.8;18.5;WNW;37.5;1007.3;0;3.8;1.5;30
-40.584541;-64.996358;11/1/2021;1239;22.67;tortugómetros;hembra;33;14;23.5;0.8;18.5;WNW;37.5;1007.3;0;3.8;1.5;30
-40.584208;-64.996345;11/1/2021;1249;23.66;tortugómetros;hembra;33;14;23.5;0.8;18.5;WNW;37.5;1007.3;0;3.8;1.5;30
-40.584218;-64.996338;11/1/2021;1259;24.88;tortugómetros;hembra;33;14;23.5;0.8;18.5;WNW;37.5;1007.3;0;3.8;1.5;30
-40.584218;-64.996331;11/1/2021;1309;25.63;tortugómetros;hembra;33;14;23.5;0.8;19.1;WNW;38.5;1008.7;0;3.8;1.8;30
-40.584214;-64.996342;11/1/2021;1319;26.03;tortugómetros;hembra;33;14;23.5;0.8;19.1;WNW;38.5;1008.7;0;3.8;1.8;30
-40.584225;-64.996341;11/1/2021;1328;26.71;tortugómetros;hembra;33;14;23.5;0.8;19.1;WNW;38.5;1008.7;0;3.8;1.8;30
-40.584221;-64.996334;11/1/2021;1338;26.83;tortugómetros;hembra;33;14;23.5;0.8;19.1;WNW;38.5;1008.7;0;3.8;1.8;30
-40.584229;-64.996337;11/1/2021;1348;27.73;tortugómetros;hembra;33;14;23.5;0.8;19.1;WNW;38.5;1008.7;0;3.8;1.8;30
-40.584225;-64.996341;11/1/2021;1358;28.32;tortugómetros;hembra;33;14;23.5;0.8;19.1;WNW;38.5;1008.7;0;3.8;1.8;30
-40.584222;-64.996348;11/1/2021;1408;28.36;tortugómetros;hembra;33;14;23.5;0.4;19.1;WNW;36.9;1009.5;0;3.8;2.2;30
-40.584216;-64.996355;11/1/2021;1418;37.98;tortugómetros;hembra;33;14;23.5;0.4;19.1;WNW;36.9;1009.5;0;3.8;2.2;30
-40.584181;-64.996324;11/1/2021;1428;53.2;tortugómetros;hembra;33;14;23.5;0.4;19.1;WNW;36.9;1009.5;0;3.8;2.2;30
-40.584215;-64.996345;11/1/2021;1438;56.91;tortugómetros;hembra;33;14;23.5;0.4;19.1;WNW;36.9;1009.5;0;3.8;2.2;30
-40.584238;-64.996337;11/1/2021;1448;48.66;tortugómetros;hembra;33;14;23.5;0.4;19.1;WNW;36.9;1009.5;0;3.8;2.2;30
-40.584219;-64.996251;11/1/2021;1457;49.54;tortugómetros;hembra;33;14;23.5;0.4;19.1;WNW;36.9;1009.5;0;3.8;2.2;30
-40.584247;-64.996156;11/1/2021;1507;41.3;tortugómetros;hembra;33;14;23.5;0.6;19.6;WNW;36.8;1009.5;0;3.8;2.3;30
-40.584141;-64.996222;11/1/2021;1517;46.21;tortugómetros;hembra;33;14;23.5;0.6;19.6;WNW;36.8;1009.5;0;3.8;2.3;30
-40.58424;-64.996011;11/1/2021;1527;45.62;tortugómetros;hembra;33;14;23.5;0.6;19.6;WNW;36.8;1009.5;0;3.8;2.3;30
-40.584206;-64.995774;11/1/2021;1537;50.21;tortugómetros;hembra;33;14;23.5;0.6;19.6;WNW;36.8;1009.5;0;3.8;2.3;30
-40.584145;-64.995562;11/1/2021;1547;45.88;tortugómetros;hembra;33;14;23.5;0.6;19.6;WNW;36.8;1009.5;0;3.8;2.3;30
-40.584151;-64.995329;11/1/2021;1557;44.69;tortugómetros;hembra;33;14;23.5;0.6;19.6;WNW;36.8;1009.5;0;3.8;2.3;30
-40.584101;-64.995308;11/1/2021;1607;38.59;tortugómetros;hembra;33;14;23.5;0.4;20;W;35.8;1010;0;3.8;2.7;"30.0;"
-40.584133;-64.995315;11/1/2021;1617;37.58;tortugómetros;hembra;33;14;23.5;0.4;20;W;35.8;1010;0;3.8;2.7;"30.0;"
-40.5843;-64.995302;11/1/2021;1627;33.46;tortugómetros;hembra;33;14;23.5;0.4;20;W;35.8;1010;0;3.8;2.7;"30.0;"
-40.584249;-64.995339;11/1/2021;1636;33.11;tortugómetros;hembra;33;14;23.5;0.4;20;W;35.8;1010;0;3.8;2.7;"30.0;"
-40.584176;-64.995285;11/1/2021;1646;40.24;tortugómetros;hembra;33;14;23.5;0.4;20;W;35.8;1010;0;3.8;2.7;"30.0;"
-40.584085;-64.995258;11/1/2021;1656;43.32;tortugómetros;hembra;33;14;23.5;0.4;20;W;35.8;1010;0;3.8;2.7;"30.0;"
-40.584075;-64.995229;11/1/2021;1706;39.99;tortugómetros;hembra;33;14;23.5;0.1;20.3;W;33.4;1010.4;0;4.1;3;30
-40.584075;-64.995222;11/1/2021;1716;45.7;tortugómetros;hembra;33;14;23.5;0.1;20.3;W;33.4;1010.4;0;4.1;3;30
-40.584105;-64.995275;11/1/2021;1726;50.57;tortugómetros;hembra;33;14;23.5;0.1;20.3;W;33.4;1010.4;0;4.1;3;30
-40.584071;-64.995258;11/1/2021;1736;42.86;tortugómetros;hembra;33;14;23.5;0.1;20.3;W;33.4;1010.4;0;4.1;3;30
-40.584084;-64.995249;11/1/2021;1746;37.47;tortugómetros;hembra;33;14;23.5;0.1;20.3;W;33.4;1010.4;0;4.1;3;30
-40.584043;-64.995254;11/1/2021;1756;50.87;tortugómetros;hembra;33;14;23.5;0.1;20.3;W;33.4;1010.4;0;4.1;3;30
-40.583576;-64.994634;12/1/2021;1133;29.01;tortugómetros;hembra;24;16.8;20.4;2.2;32.1;SSW;22.2;1012.6;*;3.8;3.8;30
-40.5835;-64.994702;12/1/2021;1138;32.5;tortugómetros;hembra;24;16.8;20.4;2.2;32.1;SSW;22.2;1012.6;*;3.8;3.8;30
-40.583543;-64.994614;12/1/2021;1143;33.96;tortugómetros;hembra;24;16.8;20.4;2.2;32.1;SSW;22.2;1012.6;*;3.8;3.8;30
-40.583436;-64.99451;12/1/2021;1148;35.39;tortugómetros;hembra;24;16.8;20.4;2.2;32.1;SSW;22.2;1012.6;*;3.8;3.8;30
-40.583559;-64.994638;12/1/2021;1153;36.82;tortugómetros;hembra;24;16.8;20.4;2.2;32.1;SSW;22.2;1012.6;*;3.8;3.8;30
-40.583418;-64.99473;12/1/2021;1158;38.37;tortugómetros;hembra;24;16.8;20.4;2.2;32.1;SSW;22.2;1012.6;*;3.8;3.8;30
-40.583444;-64.994724;12/1/2021;1203;39.78;tortugómetros;hembra;24;7.5;15.8;2;31.4;SSW;21.2;1013.1;0;3.3;3.6;30
-40.583487;-64.994729;12/1/2021;1208;41.06;tortugómetros;hembra;24;7.5;15.8;2;31.4;SSW;21.2;1013.1;0;3.3;3.6;30
-40.583453;-64.994799;12/1/2021;1213;41.84;tortugómetros;hembra;24;7.5;15.8;2;31.4;SSW;21.2;1013.1;0;3.3;3.6;30
-40.583505;-64.994801;12/1/2021;1218;42.96;tortugómetros;hembra;24;7.5;15.8;2;31.4;SSW;21.2;1013.1;0;3.3;3.6;30
-40.583523;-64.994744;12/1/2021;1223;43.02;tortugómetros;hembra;24;7.5;15.8;2;31.4;SSW;21.2;1013.1;0;3.3;3.6;30
-40.583456;-64.994843;12/1/2021;1228;44.37;tortugómetros;hembra;24;7.5;15.8;2;31.4;SSW;21.2;1013.1;0;3.3;3.6;30
-40.583439;-64.994814;12/1/2021;1233;45.44;tortugómetros;hembra;24;7.5;15.8;2;31.4;SSW;21.2;1013.1;0;3.3;3.6;30
-40.58344;-64.994966;12/1/2021;1239;46.93;tortugómetros;hembra;24;7.5;15.8;2;31.4;SSW;21.2;1013.1;0;3.3;3.6;30
-40.583449;-64.995034;12/1/2021;1244;47.56;tortugómetros;hembra;24;7.5;15.8;2;31.4;SSW;21.2;1013.1;0;3.3;3.6;30
-40.583381;-64.995345;12/1/2021;1249;48.91;tortugómetros;hembra;24;7.5;15.8;2;31.4;SSW;21.2;1013.1;0;3.3;3.6;30
-40.583368;-64.995365;12/1/2021;1254;49.67;tortugómetros;hembra;24;7.5;15.8;2;31.4;SSW;21.2;1013.1;0;3.3;3.6;30
-40.583356;-64.995417;12/1/2021;1259;50.13;tortugómetros;hembra;24;7.5;15.8;2;31.4;SSW;21.2;1013.1;0;3.3;3.6;30
-40.583349;-64.995484;12/1/2021;1304;50.23;tortugómetros;hembra;24;7.5;15.8;1.7;30.5;S;18.2;1013.5;0;2.9;3.5;30
-40.583376;-64.995533;12/1/2021;1309;47.33;tortugómetros;hembra;24;7.5;15.8;1.7;30.5;S;18.2;1013.5;0;2.9;3.5;30
-40.583371;-64.995536;12/1/2021;1314;41.95;tortugómetros;hembra;24;7.5;15.8;1.7;30.5;S;18.2;1013.5;0;2.9;3.5;30
-40.583379;-64.995562;12/1/2021;1319;41.45;tortugómetros;hembra;24;7.5;15.8;1.7;30.5;S;18.2;1013.5;0;2.9;3.5;30
-40.583495;-64.99461;12/1/2021;1324;38.22;tortugómetros;hembra;24;7.5;15.8;1.7;30.5;S;18.2;1013.5;0;2.9;3.5;30
-40.583562;-64.994586;12/1/2021;1329;35.7;tortugómetros;hembra;24;7.5;15.8;1.7;30.5;S;18.2;1013.5;0;2.9;3.5;30
-40.583539;-64.994581;12/1/2021;1334;34.04;tortugómetros;hembra;24;7.5;15.8;1.7;30.5;S;18.2;1013.5;0;2.9;3.5;30
-40.583501;-64.99463;12/1/2021;1339;34.03;tortugómetros;hembra;24;7.5;15.8;1.7;30.5;S;18.2;1013.5;0;2.9;3.5;30
-40.583492;-64.994628;12/1/2021;1344;36.41;tortugómetros;hembra;24;7.5;15.8;1.7;30.5;S;18.2;1013.5;0;2.9;3.5;30
-40.583524;-64.994562;12/1/2021;1349;37.44;tortugómetros;hembra;24;7.5;15.8;1.7;30.5;S;18.2;1013.5;0;2.9;3.5;30
-40.583468;-64.994495;12/1/2021;1354;45.68;tortugómetros;hembra;24;7.5;15.8;1.7;30.5;S;18.2;1013.5;0;2.9;3.5;30
-40.583449;-64.994478;12/1/2021;1359;44.05;tortugómetros;hembra;24;7.5;15.8;1.7;30.5;S;18.2;1013.5;0;2.9;3.5;30
-40.583429;-64.994425;12/1/2021;1404;48.55;tortugómetros;hembra;24;7.5;15.8;2.5;31.3;S;19.1;1013.8;0;2.6;3.4;30
-40.583444;-64.994462;12/1/2021;1409;47.27;tortugómetros;hembra;24;7.5;15.8;2.5;31.3;S;19.1;1013.8;0;2.6;3.4;30
-40.583453;-64.994548;12/1/2021;1414;48.82;tortugómetros;hembra;24;7.5;15.8;2.5;31.3;S;19.1;1013.8;0;2.6;3.4;30
-40.583449;-64.994467;12/1/2021;1419;41.15;tortugómetros;hembra;24;7.5;15.8;2.5;31.3;S;19.1;1013.8;0;2.6;3.4;30
-40.583486;-64.994481;12/1/2021;1424;47;tortugómetros;hembra;24;7.5;15.8;2.5;31.3;S;19.1;1013.8;0;2.6;3.4;30
-40.583478;-64.994485;12/1/2021;1429;42.88;tortugómetros;hembra;24;7.5;15.8;2.5;31.3;S;19.1;1013.8;0;2.6;3.4;30
-40.583487;-64.994548;12/1/2021;1434;45.4;tortugómetros;hembra;24;7.5;15.8;2.5;31.3;S;19.1;1013.8;0;2.6;3.4;30
-40.583628;-64.994539;12/1/2021;1439;51.68;tortugómetros;hembra;24;7.5;15.8;2.5;31.3;S;19.1;1013.8;0;2.6;3.4;30
-40.583448;-64.994224;12/1/2021;1444;53.48;tortugómetros;hembra;24;7.5;15.8;2.5;31.3;S;19.1;1013.8;0;2.6;3.4;30
-40.583433;-64.994102;12/1/2021;1449;52.34;tortugómetros;hembra;24;7.5;15.8;2.5;31.3;S;19.1;1013.8;0;2.6;3.4;30
-40.583388;-64.994002;12/1/2021;1454;51.91;tortugómetros;hembra;24;7.5;15.8;2.5;31.3;S;19.1;1013.8;0;2.6;3.4;30
-40.583232;-64.993849;12/1/2021;1459;52.34;tortugómetros;hembra;24;7.5;15.8;2.5;31.3;S;19.1;1013.8;0;2.6;3.4;30
-40.583187;-64.993669;12/1/2021;1504;52.7;tortugómetros;hembra;25.2;7.5;15.8;3;31.6;SSW;20;1013.8;0;2.5;3.1;30
-40.58316;-64.993559;12/1/2021;1509;51.88;tortugómetros;hembra;25.2;7.5;15.8;3;31.6;SSW;20;1013.8;0;2.5;3.1;30
-40.583014;-64.993363;12/1/2021;1514;49.91;tortugómetros;hembra;25.2;7.5;15.8;3;31.6;SSW;20;1013.8;0;2.5;3.1;30
-40.583071;-64.993187;12/1/2021;1519;51.61;tortugómetros;hembra;25.2;7.5;15.8;3;31.6;SSW;20;1013.8;0;2.5;3.1;30
-40.582991;-64.99297;12/1/2021;1524;51.13;tortugómetros;hembra;25.2;7.5;15.8;3;31.6;SSW;20;1013.8;0;2.5;3.1;30
-40.583039;-64.992974;12/1/2021;1530;44.47;tortugómetros;hembra;25.2;7.5;15.8;3;31.6;SSW;20;1013.8;0;2.5;3.1;30
-40.58298;-64.99293;12/1/2021;1535;43.27;tortugómetros;hembra;25.2;7.5;15.8;3;31.6;SSW;20;1013.8;0;2.5;3.1;30
-40.583067;-64.992734;12/1/2021;1540;38.08;tortugómetros;hembra;25.2;7.5;15.8;3;31.6;SSW;20;1013.8;0;2.5;3.1;30
-40.583028;-64.992912;12/1/2021;1544;36.3;tortugómetros;hembra;25.2;7.5;15.8;3;31.6;SSW;20;1013.8;0;2.5;3.1;30
-40.58302;-64.992905;12/1/2021;1550;35.7;tortugómetros;hembra;25.2;7.5;15.8;3;31.6;SSW;20;1013.8;0;2.5;3.1;30
-40.583027;-64.992837;12/1/2021;1555;38.65;tortugómetros;hembra;25.2;7.5;15.8;3;31.6;SSW;20;1013.8;0;2.5;3.1;30
-40.582989;-64.992899;12/1/2021;1600;41.6;tortugómetros;hembra;26;7.5;15.8;3.8;32.6;SSW;20.5;1014;0;2.4;2.7;30
-40.583022;-64.99281;12/1/2021;1605;43.75;tortugómetros;hembra;26;7.5;15.8;3.8;32.6;SSW;20.5;1014;0;2.4;2.7;30
-40.582981;-64.992917;12/1/2021;1610;39.86;tortugómetros;hembra;26;7.5;15.8;3.8;32.6;SSW;20.5;1014;0;2.4;2.7;30
-40.582957;-64.992917;12/1/2021;1615;38.98;tortugómetros;hembra;26;7.5;15.8;3.8;32.6;SSW;20.5;1014;0;2.4;2.7;30
-40.582975;-64.992928;12/1/2021;1620;38.65;tortugómetros;hembra;26;7.5;15.8;3.8;32.6;SSW;20.5;1014;0;2.4;2.7;30
-40.582808;-64.992684;12/1/2021;1625;37.62;tortugómetros;hembra;26;7.5;15.8;3.8;32.6;SSW;20.5;1014;0;2.4;2.7;30
-40.582965;-64.992913;12/1/2021;1630;36.85;tortugómetros;hembra;26;7.5;15.8;3.8;32.6;SSW;20.5;1014;0;2.4;2.7;30
-40.582976;-64.992919;12/1/2021;1635;37.52;tortugómetros;hembra;26;7.5;15.8;3.8;32.6;SSW;20.5;1014;0;2.4;2.7;30
-40.582961;-64.992944;12/1/2021;1640;38.49;tortugómetros;hembra;26;7.5;15.8;3.8;32.6;SSW;20.5;1014;0;2.4;2.7;30
-40.582977;-64.992926;12/1/2021;1645;38.09;tortugómetros;hembra;26;7.5;15.8;3.8;32.6;SSW;20.5;1014;0;2.4;2.7;30
-40.582985;-64.992905;12/1/2021;1650;38.36;tortugómetros;hembra;26;7.5;15.8;3.8;32.6;SSW;20.5;1014;0;2.4;2.7;30
-40.58296;-64.992892;12/1/2021;1655;39.04;tortugómetros;hembra;26;7.5;15.8;3.8;32.6;SSW;20.5;1014;0;2.4;2.7;30
-40.582927;-64.992887;12/1/2021;1700;39.06;tortugómetros;hembra;27;7.5;15.8;4.8;33.5;SW;22.5;1014.2;0;2.2;2.2;30
-40.583011;-64.992889;12/1/2021;1705;38.59;tortugómetros;hembra;27;7.5;15.8;4.8;33.5;SW;22.5;1014.2;0;2.2;2.2;30
-40.582972;-64.992913;12/1/2021;1710;38.55;tortugómetros;hembra;27;7.5;15.8;4.8;33.5;SW;22.5;1014.2;0;2.2;2.2;30
-40.582955;-64.992924;12/1/2021;1715;38.9;tortugómetros;hembra;27;7.5;15.8;4.8;33.5;SW;22.5;1014.2;0;2.2;2.2;30
-40.582987;-64.992945;12/1/2021;1720;39.02;tortugómetros;hembra;27;7.5;15.8;4.8;33.5;SW;22.5;1014.2;0;2.2;2.2;30
-40.582981;-64.992919;12/1/2021;1725;38.35;tortugómetros;hembra;27;7.5;15.8;4.8;33.5;SW;22.5;1014.2;0;2.2;2.2;30
-40.582903;-64.992836;12/1/2021;1730;37.82;tortugómetros;hembra;27;7.5;15.8;4.8;33.5;SW;22.5;1014.2;0;2.2;2.2;30
-40.582974;-64.992948;12/1/2021;1735;37.63;tortugómetros;hembra;27;7.5;15.8;4.8;33.5;SW;22.5;1014.2;0;2.2;2.2;30
-40.582935;-64.992897;12/1/2021;1740;36.89;tortugómetros;hembra;27;7.5;15.8;4.8;33.5;SW;22.5;1014.2;0;2.2;2.2;30
-40.582975;-64.992886;12/1/2021;1745;36.51;tortugómetros;hembra;27;7.5;15.8;4.8;33.5;SW;22.5;1014.2;0;2.2;2.2;30
-40.582877;-64.992784;12/1/2021;1750;36.16;tortugómetros;hembra;27;7.5;15.8;4.8;33.5;SW;22.5;1014.2;0;2.2;2.2;30
-40.58296;-64.9929;12/1/2021;1755;35.97;tortugómetros;hembra;27;7.5;15.8;4.8;33.5;SW;22.5;1014.2;0;2.2;2.2;30
-40.582956;-64.992887;12/1/2021;1801;35.42;tortugómetros;hembra;27.5;7.5;15.8;5.6;34.3;WSW;24.1;1014.3;0;1.9;1.7;30
-40.582972;-64.992868;12/1/2021;1805;35.73;tortugómetros;hembra;27.5;7.5;15.8;5.6;34.3;WSW;24.1;1014.3;0;1.9;1.7;30
-40.583084;-64.993066;12/1/2021;1810;35.57;tortugómetros;hembra;27.5;7.5;15.8;5.6;34.3;WSW;24.1;1014.3;0;1.9;1.7;30
-40.583023;-64.992974;12/1/2021;1815;35.47;tortugómetros;hembra;27.5;7.5;15.8;5.6;34.3;WSW;24.1;1014.3;0;1.9;1.7;30
-40.583035;-64.992991;12/1/2021;1821;35.57;tortugómetros;hembra;27.5;7.5;15.8;5.6;34.3;WSW;24.1;1014.3;0;1.9;1.7;30
-40.582947;-64.992861;12/1/2021;1826;35.85;tortugómetros;hembra;27.5;7.5;15.8;5.6;34.3;WSW;24.1;1014.3;0;1.9;1.7;30
-40.582963;-64.992861;12/1/2021;1831;36.29;tortugómetros;hembra;27.5;7.5;15.8;5.6;34.3;WSW;24.1;1014.3;0;1.9;1.7;30
-40.582941;-64.992839;12/1/2021;1836;39.02;tortugómetros;hembra;27.5;7.5;15.8;5.6;34.3;WSW;24.1;1014.3;0;1.9;1.7;30
-40.582955;-64.992825;12/1/2021;1841;39.45;tortugómetros;hembra;27.5;7.5;15.8;5.6;34.3;WSW;24.1;1014.3;0;1.9;1.7;30
-40.582878;-64.992908;12/1/2021;1846;43.56;tortugómetros;hembra;27.5;7.5;15.8;5.6;34.3;WSW;24.1;1014.3;0;1.9;1.7;30
-40.582889;-64.992853;12/1/2021;1851;48.07;tortugómetros;hembra;27.5;7.5;15.8;5.6;34.3;WSW;24.1;1014.3;0;1.9;1.7;30
-40.582948;-64.99287;12/1/2021;1856;44.57;tortugómetros;hembra;27.5;7.5;15.8;5.6;34.3;WSW;24.1;1014.3;0;1.9;1.7;30
-40.582904;-64.992856;12/1/2021;1901;42.73;tortugómetros;hembra;28.2;7.5;15.8;6.4;34.9;W;25.7;1014.3;0;1.8;1.2;30
-40.582926;-64.992825;12/1/2021;1906;41.62;tortugómetros;hembra;28.2;7.5;15.8;6.4;34.9;W;25.7;1014.3;0;1.8;1.2;30
-40.582914;-64.992903;12/1/2021;1911;40.24;tortugómetros;hembra;28.2;7.5;15.8;6.4;34.9;W;25.7;1014.3;0;1.8;1.2;30
-40.582949;-64.992899;12/1/2021;1916;39.07;tortugómetros;hembra;28.2;7.5;15.8;6.4;34.9;W;25.7;1014.3;0;1.8;1.2;30
-40.582908;-64.992834;12/1/2021;1921;38.34;tortugómetros;hembra;28.2;7.5;15.8;6.4;34.9;W;25.7;1014.3;0;1.8;1.2;30
-40.582809;-64.992553;12/1/2021;1926;37.98;tortugómetros;hembra;28.2;7.5;15.8;6.4;34.9;W;25.7;1014.3;0;1.8;1.2;30
-40.582812;-64.992576;12/1/2021;1931;37.36;tortugómetros;hembra;28.2;7.5;15.8;6.4;34.9;W;25.7;1014.3;0;1.8;1.2;30
-40.582255;-64.990935;12/1/2021;1936;37;tortugómetros;hembra;28.2;7.5;15.8;6.4;34.9;W;25.7;1014.3;0;1.8;1.2;30
-40.582235;-64.991024;12/1/2021;1941;36.58;tortugómetros;hembra;28.2;7.5;15.8;6.4;34.9;W;25.7;1014.3;0;1.8;1.2;30
-40.582193;-64.991077;12/1/2021;1946;36.38;tortugómetros;hembra;28.2;7.5;15.8;6.4;34.9;W;25.7;1014.3;0;1.8;1.2;30
-40.582224;-64.991186;12/1/2021;1951;36.06;tortugómetros;hembra;28.2;7.5;15.8;6.4;34.9;W;25.7;1014.3;0;1.8;1.2;30
-40.582294;-64.991387;12/1/2021;1956;35.82;tortugómetros;hembra;28.2;7.5;15.8;6.4;34.9;W;25.7;1014.3;0;1.8;1.2;30
-40.581602;-64.990036;12/1/2021;2001;35.58;tortugómetros;hembra;28.2;7.5;15.8;6.4;34.5;W;25.4;1014.3;0;1.5;1;30
-40.582948;-64.992915;12/1/2021;2006;35.49;tortugómetros;hembra;28.2;7.5;15.8;6.4;34.5;W;25.4;1014.3;0;1.5;1;30
-40.582926;-64.992916;12/1/2021;2011;35.34;tortugómetros;hembra;28.2;7.5;15.8;6.4;34.5;W;25.4;1014.3;0;1.5;1;30
-40.58292;-64.992935;12/1/2021;2016;35.22;tortugómetros;hembra;28.2;7.5;15.8;6.4;34.5;W;25.4;1014.3;0;1.5;1;30
-40.582928;-64.992863;12/1/2021;2021;35.11;tortugómetros;hembra;28.2;7.5;15.8;6.4;34.5;W;25.4;1014.3;0;1.5;1;30
-40.58292;-64.992854;12/1/2021;2026;35.03;tortugómetros;hembra;28.2;7.5;15.8;6.4;34.5;W;25.4;1014.3;0;1.5;1;30
-40.582922;-64.992856;12/1/2021;2031;34.79;tortugómetros;hembra;28.2;7.5;15.8;6.4;34.5;W;25.4;1014.3;0;1.5;1;30
-40.582942;-64.992889;12/1/2021;2036;34.61;tortugómetros;hembra;28.2;7.5;15.8;6.4;34.5;W;25.4;1014.3;0;1.5;1;30
-40.582958;-64.992884;12/1/2021;2041;35.68;tortugómetros;hembra;28.2;7.5;15.8;6.4;34.5;W;25.4;1014.3;0;1.5;1;30
-40.582904;-64.992756;12/1/2021;2046;40.5;tortugómetros;hembra;28.2;7.5;15.8;6.4;34.5;W;25.4;1014.3;0;1.5;1;30
-40.582936;-64.992745;12/1/2021;2051;40.46;tortugómetros;hembra;28.2;7.5;15.8;6.4;34.5;W;25.4;1014.3;0;1.5;1;30
-40.582911;-64.992614;12/1/2021;2056;43.82;tortugómetros;hembra;28.2;7.5;15.8;6.4;34.5;W;25.4;1014.3;0;1.5;1;30
-40.582906;-64.992523;12/1/2021;2101;43.81;tortugómetros;hembra;28.2;7.5;15.8;6.2;33.7;W;25.8;1014.3;0;1.3;0.8;30
-40.582738;-64.992437;12/1/2021;2107;45.7;tortugómetros;hembra;28.2;7.5;15.8;6.2;33.7;W;25.8;1014.3;0;1.3;0.8;30
-40.582806;-64.992388;12/1/2021;2112;46.02;tortugómetros;hembra;28.2;7.5;15.8;6.2;33.7;W;25.8;1014.3;0;1.3;0.8;30
-40.582809;-64.992392;12/1/2021;2116;44.19;tortugómetros;hembra;28.2;7.5;15.8;6.2;33.7;W;25.8;1014.3;0;1.3;0.8;30
-40.582771;-64.992359;12/1/2021;2122;43.67;tortugómetros;hembra;28.2;7.5;15.8;6.2;33.7;W;25.8;1014.3;0;1.3;0.8;30
-40.582819;-64.992373;12/1/2021;2127;42.86;tortugómetros;hembra;28.2;7.5;15.8;6.2;33.7;W;25.8;1014.3;0;1.3;0.8;30
-40.58279;-64.992282;12/1/2021;2132;42.5;tortugómetros;hembra;28.2;7.5;15.8;6.2;33.7;W;25.8;1014.3;0;1.3;0.8;30
-40.582812;-64.992147;12/1/2021;2137;39.53;tortugómetros;hembra;28.2;7.5;15.8;6.2;33.7;W;25.8;1014.3;0;1.3;0.8;30
-40.582821;-64.992136;12/1/2021;2142;37.67;tortugómetros;hembra;28.2;7.5;15.8;6.2;33.7;W;25.8;1014.3;0;1.3;0.8;30
-40.582844;-64.992102;12/1/2021;2147;36.77;tortugómetros;hembra;28.2;7.5;15.8;6.2;33.7;W;25.8;1014.3;0;1.3;0.8;30
-40.582825;-64.992133;12/1/2021;2152;35.97;tortugómetros;hembra;28.2;7.5;15.8;6.2;33.7;W;25.8;1014.3;0;1.3;0.8;30
-40.582857;-64.992152;12/1/2021;2157;35.27;tortugómetros;hembra;28.2;7.5;15.8;6.2;33.7;W;25.8;1014.3;0;1.3;0.8;30
-40.582774;-64.992169;12/1/2021;2202;34.74;tortugómetros;hembra;28.2;7.5;14;6.3;33.9;WSW;26.2;1014.4;0;1.2;0.6;30
-40.582856;-64.992116;12/1/2021;2207;34.28;tortugómetros;hembra;28.2;7.5;14;6.3;33.9;WSW;26.2;1014.4;0;1.2;0.6;30
-40.582906;-64.992084;12/1/2021;2212;33.89;tortugómetros;hembra;28.2;7.5;14;6.3;33.9;WSW;26.2;1014.4;0;1.2;0.6;30
-40.582535;-64.992212;12/1/2021;2217;33.52;tortugómetros;hembra;28.2;7.5;14;6.3;33.9;WSW;26.2;1014.4;0;1.2;0.6;30
-40.582838;-64.992067;12/1/2021;2222;33.34;tortugómetros;hembra;28.2;7.5;14;6.3;33.9;WSW;26.2;1014.4;0;1.2;0.6;30
-40.582903;-64.992162;12/1/2021;2227;33.81;tortugómetros;hembra;28.2;7.5;14;6.3;33.9;WSW;26.2;1014.4;0;1.2;0.6;30
-40.582918;-64.992139;12/1/2021;2232;34.05;tortugómetros;hembra;28.2;7.5;14;6.3;33.9;WSW;26.2;1014.4;0;1.2;0.6;30
-40.582872;-64.992222;12/1/2021;2237;34.06;tortugómetros;hembra;28.2;7.5;14;6.3;33.9;WSW;26.2;1014.4;0;1.2;0.6;30
-40.582906;-64.992172;13/1/2021;1104;25.26;tortugómetros;hembra;29;18.5;23.8;6.9;36.3;WSW;26.8;1014.5;*;0.8;0;30
-40.582871;-64.992144;13/1/2021;1109;24.14;tortugómetros;hembra;29;18.5;23.8;6.9;36.3;WSW;26.8;1014.5;*;0.8;0;30
-40.582852;-64.992272;13/1/2021;1114;23.71;tortugómetros;hembra;29;18.5;23.8;6.9;36.3;WSW;26.8;1014.5;*;0.8;0;30
-40.582974;-64.992464;13/1/2021;1119;26.2;tortugómetros;hembra;29;18.5;23.8;6.9;36.3;WSW;26.8;1014.5;*;0.8;0;30
-40.582794;-64.992264;13/1/2021;1124;28.49;tortugómetros;hembra;29;18.5;23.8;6.9;36.3;WSW;26.8;1014.5;*;0.8;0;30
-40.582864;-64.992204;13/1/2021;1129;30.46;tortugómetros;hembra;29;18.5;23.8;6.9;36.3;WSW;26.8;1014.5;*;0.8;0;30
-40.582876;-64.992292;13/1/2021;1134;32.03;tortugómetros;hembra;29;18.5;23.8;6.9;36.3;WSW;26.8;1014.5;*;0.8;0;30
-40.582855;-64.992174;13/1/2021;1139;33.48;tortugómetros;hembra;29;18.5;23.8;6.9;36.3;WSW;26.8;1014.5;*;0.8;0;30
-40.582848;-64.992157;13/1/2021;1145;35.07;tortugómetros;hembra;29;18.5;23.8;6.9;36.3;WSW;26.8;1014.5;*;0.8;0;30
-40.582884;-64.992194;13/1/2021;1149;36.4;tortugómetros;hembra;29;18.5;23.8;6.9;36.3;WSW;26.8;1014.5;*;0.8;0;30
-40.582795;-64.992185;13/1/2021;1154;37;tortugómetros;hembra;29;18.5;23.8;6.9;36.3;WSW;26.8;1014.5;*;0.8;0;30
-40.582757;-64.992198;13/1/2021;1159;38;tortugómetros;hembra;29;18.5;23.8;6.9;36.3;WSW;26.8;1014.5;*;0.8;0;30
-40.582853;-64.992158;13/1/2021;1204;39.35;tortugómetros;hembra;29;12.3;20.6;7.4;37;W;27.9;1014.8;0;1.1;0.2;30
-40.582904;-64.992103;13/1/2021;1209;40.52;tortugómetros;hembra;29;12.3;20.6;7.4;37;W;27.9;1014.8;0;1.1;0.2;30
-40.582775;-64.992209;13/1/2021;1215;41.27;tortugómetros;hembra;29;12.3;20.6;7.4;37;W;27.9;1014.8;0;1.1;0.2;30
-40.582796;-64.992177;13/1/2021;1220;42.05;tortugómetros;hembra;29;12.3;20.6;7.4;37;W;27.9;1014.8;0;1.1;0.2;30
-40.582814;-64.992162;13/1/2021;1225;42.57;tortugómetros;hembra;29;12.3;20.6;7.4;37;W;27.9;1014.8;0;1.1;0.2;30
-40.582834;-64.992216;13/1/2021;1230;43.6;tortugómetros;hembra;29;12.3;20.6;7.4;37;W;27.9;1014.8;0;1.1;0.2;30
-40.582803;-64.992209;13/1/2021;1235;44.09;tortugómetros;hembra;29;12.3;20.6;7.4;37;W;27.9;1014.8;0;1.1;0.2;30
-40.582816;-64.992191;13/1/2021;1240;42.85;tortugómetros;hembra;29;12.3;20.6;7.4;37;W;27.9;1014.8;0;1.1;0.2;30
-40.58287;-64.992148;13/1/2021;1245;41.9;tortugómetros;hembra;29;12.3;20.6;7.4;37;W;27.9;1014.8;0;1.1;0.2;30
-40.582804;-64.992174;13/1/2021;1250;41.72;tortugómetros;hembra;29;12.3;20.6;7.4;37;W;27.9;1014.8;0;1.1;0.2;30
-40.582827;-64.992121;13/1/2021;1255;40.51;tortugómetros;hembra;29;12.3;20.6;7.4;37;W;27.9;1014.8;0;1.1;0.2;30
-40.582867;-64.992156;13/1/2021;1300;34.83;tortugómetros;hembra;29;12.3;20.6;8.7;39.3;WNW;28.4;1014.6;0;1.3;0.3;30
-40.582894;-64.992149;13/1/2021;1305;32.73;tortugómetros;hembra;29;12.3;20.6;8.7;39.3;WNW;28.4;1014.6;0;1.3;0.3;30
-40.582816;-64.992205;13/1/2021;1310;31.6;tortugómetros;hembra;29;12.3;20.6;8.7;39.3;WNW;28.4;1014.6;0;1.3;0.3;30
-40.582846;-64.992077;13/1/2021;1315;31.3;tortugómetros;hembra;29;12.3;20.6;8.7;39.3;WNW;28.4;1014.6;0;1.3;0.3;30
-40.5829;-64.992012;13/1/2021;1320;31.04;tortugómetros;hembra;29;12.3;20.6;8.7;39.3;WNW;28.4;1014.6;0;1.3;0.3;30
-40.582909;-64.992088;13/1/2021;1325;30.94;tortugómetros;hembra;29;12.3;20.6;8.7;39.3;WNW;28.4;1014.6;0;1.3;0.3;30
-40.58283;-64.992212;13/1/2021;1330;30.84;tortugómetros;hembra;29;12.3;20.6;8.7;39.3;WNW;28.4;1014.6;0;1.3;0.3;30
-40.582858;-64.992165;13/1/2021;1338;31.9;tortugómetros;hembra;29;12.3;20.6;8.7;39.3;WNW;28.4;1014.6;0;1.3;0.3;30
-40.582822;-64.992207;13/1/2021;1340;32.48;tortugómetros;hembra;29;12.3;20.6;8.7;39.3;WNW;28.4;1014.6;0;1.3;0.3;30
-40.582816;-64.992182;13/1/2021;1346;31.52;tortugómetros;hembra;29;12.3;20.6;8.7;39.3;WNW;28.4;1014.6;0;1.3;0.3;30
-40.582781;-64.992148;13/1/2021;1351;31.18;tortugómetros;hembra;29;12.3;20.6;8.7;39.3;WNW;28.4;1014.6;0;1.3;0.3;30
-40.582871;-64.992204;13/1/2021;1356;31.07;tortugómetros;hembra;29;12.3;20.6;8.7;39.3;WNW;28.4;1014.6;0;1.3;0.3;30
-40.582847;-64.992158;13/1/2021;1401;31.03;tortugómetros;hembra;29;12.3;20.6;9.2;39.9;WNW;27.9;1014.6;0;1.5;0.4;30
-40.582849;-64.992155;13/1/2021;1406;31.04;tortugómetros;hembra;29;12.3;20.6;9.2;39.9;WNW;27.9;1014.6;0;1.5;0.4;30
-40.582828;-64.992149;13/1/2021;1411;31.08;tortugómetros;hembra;29;12.3;20.6;9.2;39.9;WNW;27.9;1014.6;0;1.5;0.4;30
-40.582904;-64.992181;13/1/2021;1416;31.13;tortugómetros;hembra;29;12.3;20.6;9.2;39.9;WNW;27.9;1014.6;0;1.5;0.4;30
-40.582894;-64.992209;13/1/2021;1421;31.21;tortugómetros;hembra;29;12.3;20.6;9.2;39.9;WNW;27.9;1014.6;0;1.5;0.4;30
-40.582809;-64.992191;13/1/2021;1426;31.31;tortugómetros;hembra;29;12.3;20.6;9.2;39.9;WNW;27.9;1014.6;0;1.5;0.4;30
-40.582857;-64.992187;13/1/2021;1431;31.41;tortugómetros;hembra;29;12.3;20.6;9.2;39.9;WNW;27.9;1014.6;0;1.5;0.4;30
-40.582853;-64.992186;13/1/2021;1436;31.49;tortugómetros;hembra;29;12.3;20.6;9.2;39.9;WNW;27.9;1014.6;0;1.5;0.4;30
-40.58293;-64.992129;13/1/2021;1441;31.6;tortugómetros;hembra;29;12.3;20.6;9.2;39.9;WNW;27.9;1014.6;0;1.5;0.4;30
-40.582858;-64.992173;13/1/2021;1446;31.69;tortugómetros;hembra;29;12.3;20.6;9.2;39.9;WNW;27.9;1014.6;0;1.5;0.4;30
-40.582912;-64.992176;13/1/2021;1451;31.79;tortugómetros;hembra;29;12.3;20.6;9.2;39.9;WNW;27.9;1014.6;0;1.5;0.4;30
-40.582876;-64.992126;13/1/2021;1456;31.92;tortugómetros;hembra;29;12.3;20.6;9.2;39.9;WNW;27.9;1014.6;0;1.5;0.4;30
-40.582878;-64.992206;13/1/2021;1501;32.02;tortugómetros;hembra;29;12.3;20.6;9.3;39.7;W;27.2;1014.5;0;1.5;0.5;30
-40.582808;-64.992091;13/1/2021;1506;32.13;tortugómetros;hembra;29;12.3;20.6;9.3;39.7;W;27.2;1014.5;0;1.5;0.5;30
-40.582816;-64.99216;13/1/2021;1512;32.21;tortugómetros;hembra;29;12.3;20.6;9.3;39.7;W;27.2;1014.5;0;1.5;0.5;30
-40.58287;-64.992148;13/1/2021;1517;32.34;tortugómetros;hembra;29;12.3;20.6;9.3;39.7;W;27.2;1014.5;0;1.5;0.5;30
-40.582929;-64.992167;13/1/2021;1522;32.56;tortugómetros;hembra;29;12.3;20.6;9.3;39.7;W;27.2;1014.5;0;1.5;0.5;30
-40.58287;-64.992177;13/1/2021;1527;32.7;tortugómetros;hembra;29;12.3;20.6;9.3;39.7;W;27.2;1014.5;0;1.5;0.5;30
-40.582858;-64.992169;13/1/2021;1532;32.88;tortugómetros;hembra;29;12.3;20.6;9.3;39.7;W;27.2;1014.5;0;1.5;0.5;30
-40.582861;-64.992187;13/1/2021;1537;33.2;tortugómetros;hembra;29;12.3;20.6;9.3;39.7;W;27.2;1014.5;0;1.5;0.5;30
-40.582859;-64.992182;13/1/2021;1542;33.38;tortugómetros;hembra;29;12.3;20.6;9.3;39.7;W;27.2;1014.5;0;1.5;0.5;30
-40.58285;-64.992176;13/1/2021;1547;33.46;tortugómetros;hembra;29;12.3;20.6;9.3;39.7;W;27.2;1014.5;0;1.5;0.5;30
-40.582853;-64.992172;13/1/2021;1552;33.5;tortugómetros;hembra;29;12.3;20.6;9.3;39.7;W;27.2;1014.5;0;1.5;0.5;30
-40.582836;-64.992168;13/1/2021;1557;33.61;tortugómetros;hembra;29;12.3;20.6;9.3;39.7;W;27.2;1014.5;0;1.5;0.5;30
-40.58286;-64.992169;13/1/2021;1603;33.66;tortugómetros;hembra;29;12.3;20.6;9.6;39.9;SSE;25.5;1014.5;0;1.5;0.6;30
-40.582868;-64.992168;13/1/2021;1607;33.84;tortugómetros;hembra;29;12.3;20.6;9.6;39.9;SSE;25.5;1014.5;0;1.5;0.6;30
-40.582924;-64.9922;13/1/2021;1612;33.84;tortugómetros;hembra;29;12.3;20.6;9.6;39.9;SSE;25.5;1014.5;0;1.5;0.6;30
-40.582882;-64.992164;13/1/2021;1618;33.93;tortugómetros;hembra;29;12.3;20.6;9.6;39.9;SSE;25.5;1014.5;0;1.5;0.6;30
-40.582888;-64.992188;13/1/2021;1623;34.2;tortugómetros;hembra;29;12.3;20.6;9.6;39.9;SSE;25.5;1014.5;0;1.5;0.6;30
-40.582881;-64.992171;13/1/2021;1628;34.38;tortugómetros;hembra;29;12.3;20.6;9.6;39.9;SSE;25.5;1014.5;0;1.5;0.6;30
-40.582871;-64.992183;13/1/2021;1633;34.44;tortugómetros;hembra;29;12.3;20.6;9.6;39.9;SSE;25.5;1014.5;0;1.5;0.6;30
-40.582867;-64.992203;13/1/2021;1643;34.37;tortugómetros;hembra;29;12.3;20.6;9.6;39.9;SSE;25.5;1014.5;0;1.5;0.6;30
-40.582877;-64.992199;13/1/2021;1648;34.51;tortugómetros;hembra;29;12.3;20.6;9.6;39.9;SSE;25.5;1014.5;0;1.5;0.6;30
-40.582781;-64.992053;13/1/2021;1653;34.57;tortugómetros;hembra;29;12.3;20.6;9.6;39.9;SSE;25.5;1014.5;0;1.5;0.6;30
-40.582747;-64.991956;13/1/2021;1658;34.67;tortugómetros;hembra;29;12.3;20.6;9.6;39.9;SSE;25.5;1014.5;0;1.5;0.6;30
-40.582866;-64.99214;13/1/2021;1703;34.94;tortugómetros;hembra;29;12.3;20.6;10.1;41.4;ESE;24.2;1014.6;0;1.4;0.8;30
-40.582828;-64.992114;13/1/2021;1708;34.19;tortugómetros;hembra;29;12.3;20.6;10.1;41.4;ESE;24.2;1014.6;0;1.4;0.8;30
-40.582777;-64.992076;13/1/2021;1713;33.66;tortugómetros;hembra;29;12.3;20.6;10.1;41.4;ESE;24.2;1014.6;0;1.4;0.8;30
-40.58283;-64.9921;13/1/2021;1718;33.42;tortugómetros;hembra;29;12.3;20.6;10.1;41.4;ESE;24.2;1014.6;0;1.4;0.8;30
-40.582831;-64.992089;13/1/2021;1723;33.99;tortugómetros;hembra;29;12.3;20.6;10.1;41.4;ESE;24.2;1014.6;0;1.4;0.8;30
-40.582696;-64.991974;13/1/2021;1728;33.57;tortugómetros;hembra;29;12.3;20.6;10.1;41.4;ESE;24.2;1014.6;0;1.4;0.8;30
-40.582745;-64.991896;13/1/2021;1733;33.39;tortugómetros;hembra;29;12.3;20.6;10.1;41.4;ESE;24.2;1014.6;0;1.4;0.8;30
-40.582855;-64.992088;13/1/2021;1738;33.31;tortugómetros;hembra;29;12.3;20.6;10.1;41.4;ESE;24.2;1014.6;0;1.4;0.8;30
-40.582794;-64.992114;13/1/2021;1743;33.36;tortugómetros;hembra;29;12.3;20.6;10.1;41.4;ESE;24.2;1014.6;0;1.4;0.8;30
-40.58276;-64.992021;13/1/2021;1748;33.38;tortugómetros;hembra;29;12.3;20.6;10.1;41.4;ESE;24.2;1014.6;0;1.4;0.8;30
-40.582916;-64.992175;13/1/2021;1753;33.42;tortugómetros;hembra;29;12.3;20.6;10.1;41.4;ESE;24.2;1014.6;0;1.4;0.8;30
-40.582882;-64.992195;13/1/2021;1759;33.46;tortugómetros;hembra;29;12.3;20.6;10.1;41.4;ESE;24.2;1014.6;0;1.4;0.8;30
-40.58286;-64.992183;13/1/2021;1804;33.5;tortugómetros;hembra;29;12.3;20.6;10.7;43;SE;22.4;1014.7;0;1.5;1.1;30
-40.582854;-64.99217;13/1/2021;1809;33.58;tortugómetros;hembra;29;12.3;20.6;10.7;43;SE;22.4;1014.7;0;1.5;1.1;30
-40.582989;-64.992146;13/1/2021;1814;33.89;tortugómetros;hembra;29;12.3;20.6;10.7;43;SE;22.4;1014.7;0;1.5;1.1;30
-40.582879;-64.992134;13/1/2021;1819;33.81;tortugómetros;hembra;29;12.3;20.6;10.7;43;SE;22.4;1014.7;0;1.5;1.1;30
-40.582871;-64.992183;13/1/2021;1824;33.84;tortugómetros;hembra;29;12.3;20.6;10.7;43;SE;22.4;1014.7;0;1.5;1.1;30
-40.582901;-64.992198;13/1/2021;1829;33.89;tortugómetros;hembra;29;12.3;20.6;10.7;43;SE;22.4;1014.7;0;1.5;1.1;30
-40.582822;-64.992139;13/1/2021;1834;33.96;tortugómetros;hembra;29;12.3;20.6;10.7;43;SE;22.4;1014.7;0;1.5;1.1;30
-40.582881;-64.992192;13/1/2021;1839;33.99;tortugómetros;hembra;29;12.3;20.6;10.7;43;SE;22.4;1014.7;0;1.5;1.1;30
-40.582854;-64.992118;13/1/2021;1844;34.06;tortugómetros;hembra;29;12.3;20.6;10.7;43;SE;22.4;1014.7;0;1.5;1.1;30
-40.582858;-64.992161;13/1/2021;1849;34.1;tortugómetros;hembra;29;12.3;20.6;10.7;43;SE;22.4;1014.7;0;1.5;1.1;30
-40.582911;-64.992203;13/1/2021;1854;34.13;tortugómetros;hembra;29;12.3;20.6;10.7;43;SE;22.4;1014.7;0;1.5;1.1;30
-40.582832;-64.992235;13/1/2021;1859;34.18;tortugómetros;hembra;29;12.3;20.6;10.7;43;SE;22.4;1014.7;0;1.5;1.1;30
-40.582833;-64.992214;13/1/2021;1904;34.23;tortugómetros;hembra;29;12.3;20.6;11.2;44.9;SE;21.1;1014.9;0;1.5;1.4;30
-40.582859;-64.992202;13/1/2021;1909;34.27;tortugómetros;hembra;29;12.3;20.6;11.2;44.9;SE;21.1;1014.9;0;1.5;1.4;30
-40.582916;-64.992194;13/1/2021;1914;34.32;tortugómetros;hembra;29;12.3;20.6;11.2;44.9;SE;21.1;1014.9;0;1.5;1.4;30
-40.582894;-64.99219;13/1/2021;1919;34.35;tortugómetros;hembra;29;12.3;20.6;11.2;44.9;SE;21.1;1014.9;0;1.5;1.4;30
-40.582891;-64.992122;13/1/2021;1924;34.39;tortugómetros;hembra;29;12.3;20.6;11.2;44.9;SE;21.1;1014.9;0;1.5;1.4;30
-40.582873;-64.992188;13/1/2021;1930;34.44;tortugómetros;hembra;29;12.3;20.6;11.2;44.9;SE;21.1;1014.9;0;1.5;1.4;30
-40.582869;-64.992171;13/1/2021;1935;34.6;tortugómetros;hembra;29;12.3;20.6;11.2;44.9;SE;21.1;1014.9;0;1.5;1.4;30
-40.582862;-64.992183;13/1/2021;1940;34.62;tortugómetros;hembra;29;12.3;20.6;11.2;44.9;SE;21.1;1014.9;0;1.5;1.4;30
-40.582881;-64.9922;13/1/2021;1945;34.56;tortugómetros;hembra;29;12.3;20.6;11.2;44.9;SE;21.1;1014.9;0;1.5;1.4;30
-40.582869;-64.992189;13/1/2021;1950;34.57;tortugómetros;hembra;29;12.3;20.6;11.2;44.9;SE;21.1;1014.9;0;1.5;1.4;30
-40.582877;-64.992201;13/1/2021;1955;34.54;tortugómetros;hembra;29;12.3;20.6;11.2;44.9;SE;21.1;1014.9;0;1.5;1.4;30
-40.582881;-64.992212;13/1/2021;2000;34.75;tortugómetros;hembra;29;12.3;20.6;11.4;45.7;SE;20.8;1015.2;0;1.8;1.4;30
-40.582886;-64.992222;13/1/2021;2005;34.85;tortugómetros;hembra;29;12.3;20.6;11.4;45.7;SE;20.8;1015.2;0;1.8;1.4;30
-40.582905;-64.992262;13/1/2021;2010;35.34;tortugómetros;hembra;29;12.3;20.6;11.4;45.7;SE;20.8;1015.2;0;1.8;1.4;30
-40.582876;-64.992211;13/1/2021;2015;35.53;tortugómetros;hembra;29;12.3;20.6;11.4;45.7;SE;20.8;1015.2;0;1.8;1.4;30
-40.582969;-64.992345;13/1/2021;2020;35.7;tortugómetros;hembra;29;12.3;20.6;11.4;45.7;SE;20.8;1015.2;0;1.8;1.4;30
-40.582898;-64.99225;13/1/2021;2025;35.73;tortugómetros;hembra;29;12.3;20.6;11.4;45.7;SE;20.8;1015.2;0;1.8;1.4;30
-40.582997;-64.992405;13/1/2021;2030;35.68;tortugómetros;hembra;29;12.3;20.6;11.4;45.7;SE;20.8;1015.2;0;1.8;1.4;30
-40.582833;-64.992141;13/1/2021;2046;35.6;tortugómetros;hembra;29;12.3;20.6;11.4;45.7;SE;20.8;1015.2;0;1.8;1.4;30
-40.582753;-64.992001;13/1/2021;2050;35.83;tortugómetros;hembra;29;12.3;20.6;11.4;45.7;SE;20.8;1015.2;0;1.8;1.4;30
-40.582867;-64.992174;13/1/2021;2056;35.48;tortugómetros;hembra;29;12.3;20.6;11.4;45.7;SE;20.8;1015.2;0;1.8;1.4;30
-40.582806;-64.992126;13/1/2021;2101;35.45;tortugómetros;hembra;29;12.3;20.6;12;47.3;ESE;20.4;1015.5;0;2.3;1.5;30
-40.582846;-64.992139;13/1/2021;2106;35.42;tortugómetros;hembra;29;12.3;20.6;12;47.3;ESE;20.4;1015.5;0;2.3;1.5;30
-40.582794;-64.992051;13/1/2021;2111;35.45;tortugómetros;hembra;29;12.3;20.6;12;47.3;ESE;20.4;1015.5;0;2.3;1.5;30
-40.582777;-64.992026;13/1/2021;2116;35.44;tortugómetros;hembra;29;12.3;20.6;12;47.3;ESE;20.4;1015.5;0;2.3;1.5;30
-40.582854;-64.992126;13/1/2021;2121;35.37;tortugómetros;hembra;29;12.3;20.6;12;47.3;ESE;20.4;1015.5;0;2.3;1.5;30
-40.58284;-64.992143;13/1/2021;2126;35.25;tortugómetros;hembra;29;12.3;20.6;12;47.3;ESE;20.4;1015.5;0;2.3;1.5;30
-40.582844;-64.992151;13/1/2021;2131;35.15;tortugómetros;hembra;29;12.3;20.6;12;47.3;ESE;20.4;1015.5;0;2.3;1.5;30
-40.582778;-64.992012;13/1/2021;2136;35.05;tortugómetros;hembra;29;12.3;20.6;12;47.3;ESE;20.4;1015.5;0;2.3;1.5;30
-40.582761;-64.99202;13/1/2021;2141;35.03;tortugómetros;hembra;29;12.3;20.6;12;47.3;ESE;20.4;1015.5;0;2.3;1.5;30
-40.582825;-64.992075;13/1/2021;2146;35;tortugómetros;hembra;29;12.3;20.6;12;47.3;ESE;20.4;1015.5;0;2.3;1.5;30
-40.582858;-64.992122;13/1/2021;2151;34.97;tortugómetros;hembra;29;12.3;20.6;12;47.3;ESE;20.4;1015.5;0;2.3;1.5;30
-40.582927;-64.992262;13/1/2021;2156;34.92;tortugómetros;hembra;29;12.3;20.6;12;47.3;ESE;20.4;1015.5;0;2.3;1.5;30
-40.582845;-64.992208;13/1/2021;2201;34.86;tortugómetros;hembra;28.3;12.3;17.3;12.5;48.5;ESE;20;1016.1;0;2.8;1.5;30
-40.582864;-64.992154;13/1/2021;2207;34.85;tortugómetros;hembra;28.3;12.3;17.3;12.5;48.5;ESE;20;1016.1;0;2.8;1.5;30
-40.582919;-64.992129;13/1/2021;2211;35.1;tortugómetros;hembra;28.3;12.3;17.3;12.5;48.5;ESE;20;1016.1;0;2.8;1.5;30
-40.582886;-64.992144;13/1/2021;2217;34.93;tortugómetros;hembra;28.3;12.3;17.3;12.5;48.5;ESE;20;1016.1;0;2.8;1.5;30
-40.585436;-64.99268;15/1/2021;1045;24.19;tortugómetros;hembra;31.8;18.7;25.2;16.8;55.7;N;24.5;1011.3;*;4.6;2.8;30
-40.585465;-64.992704;15/1/2021;1050;26.02;tortugómetros;hembra;31.8;18.7;25.2;16.8;55.7;N;24.5;1011.3;*;4.6;2.8;30
-40.585428;-64.992672;15/1/2021;1057;25.52;tortugómetros;hembra;31.8;18.7;25.2;16.8;55.7;N;24.5;1011.3;*;4.6;2.8;30
-40.585494;-64.992727;15/1/2021;1100;25.72;tortugómetros;hembra;31.8;18.7;25.2;16.8;55.7;N;24.5;1011.3;*;4.6;2.8;30
-40.585467;-64.992746;15/1/2021;1105;24.45;tortugómetros;hembra;31.8;18.7;25.2;16.8;55.7;N;24.5;1011.3;*;4.6;2.8;30
-40.585449;-64.992747;15/1/2021;1110;24.28;tortugómetros;hembra;31.8;18.7;25.2;16.8;55.7;N;24.5;1011.3;*;4.6;2.8;30
